"signal_id","opcua_node_id","display_name_pt_br","description_pt_br","area_code","area_name_pt_br","equipment_id","equipment_name_pt_br","scope","loop_id","analytical_role","data_type","engineering_unit","nominal_cadence_seconds","normal_range","scenario_relevance","context_for_loop_ids"
"SIG-0001","ns=2;s=Plant.ControlLoops.FIC-101.PV","PV — Vazão de carga da unidade","Variável de processo medida: Vazão de alimentação.","FEED","Alimentação e pré-aquecimento","FIC-101","Vazão de carga da unidade","control_loop","FIC-101","cpm.pv","number","m³/h","30","0..1000","normal.steady","FIC-101"
"SIG-0002","ns=2;s=Plant.ControlLoops.FIC-101.SP","SP — Vazão de carga da unidade","Referência operacional ou supervisória para vazão de alimentação.","FEED","Alimentação e pré-aquecimento","FIC-101","Vazão de carga da unidade","control_loop","FIC-101","cpm.sp","number","m³/h","30","0..1000","normal.steady","FIC-101"
"SIG-0003","ns=2;s=Plant.ControlLoops.FIC-101.OP","OP — Vazão de carga da unidade","Demanda calculada pelo controlador para posição da válvula de carga.","FEED","Alimentação e pré-aquecimento","FIC-101","Vazão de carga da unidade","control_loop","FIC-101","cpm.op","number","%","10","0..100","normal.steady","FIC-101"
"SIG-0004","ns=2;s=Plant.ControlLoops.FIC-101.MODE","Modo — Vazão de carga da unidade","Modo efetivo do controlador: automático, manual, cascata ou remoto.","FEED","Alimentação e pré-aquecimento","FIC-101","Vazão de carga da unidade","control_loop","FIC-101","cpm.mode","string","state","10","AUTO|MAN|CAS|REMOTE","normal.steady","FIC-101"
"SIG-0005","ns=2;s=Plant.ControlLoops.FIC-101.MVFB","Resposta do elemento final — Vazão de carga da unidade","Resposta física medida do elemento final: Posição da válvula de carga.","FEED","Alimentação e pré-aquecimento","FIC-101","Vazão de carga da unidade","control_loop","FIC-101","cpm.valve_position","number","%","10","0..100","normal.steady","FIC-101"
"SIG-0006","ns=2;s=Plant.ControlLoops.PIC-102.PV","PV — Pressão de descarga da carga","Variável de processo medida: Pressão de descarga da bomba de carga.","FEED","Alimentação e pré-aquecimento","PIC-102","Pressão de descarga da carga","control_loop","PIC-102","cpm.pv","number","bar","30","0..250","control.aggressive_tuning","PIC-102"
"SIG-0007","ns=2;s=Plant.ControlLoops.PIC-102.SP","SP — Pressão de descarga da carga","Referência operacional ou supervisória para pressão de descarga da bomba de carga.","FEED","Alimentação e pré-aquecimento","PIC-102","Pressão de descarga da carga","control_loop","PIC-102","cpm.sp","number","bar","30","0..250","control.aggressive_tuning","PIC-102"
"SIG-0008","ns=2;s=Plant.ControlLoops.PIC-102.OP","OP — Pressão de descarga da carga","Demanda calculada pelo controlador para velocidade da bomba de carga.","FEED","Alimentação e pré-aquecimento","PIC-102","Pressão de descarga da carga","control_loop","PIC-102","cpm.op","number","%","10","0..100","control.aggressive_tuning","PIC-102"
"SIG-0009","ns=2;s=Plant.ControlLoops.PIC-102.MODE","Modo — Pressão de descarga da carga","Modo efetivo do controlador: automático, manual, cascata ou remoto.","FEED","Alimentação e pré-aquecimento","PIC-102","Pressão de descarga da carga","control_loop","PIC-102","cpm.mode","string","state","10","AUTO|MAN|CAS|REMOTE","control.aggressive_tuning","PIC-102"
"SIG-0010","ns=2;s=Plant.ControlLoops.PIC-102.MVFB","Resposta do elemento final — Pressão de descarga da carga","Resposta física medida do elemento final: Velocidade da bomba de carga.","FEED","Alimentação e pré-aquecimento","PIC-102","Pressão de descarga da carga","control_loop","PIC-102","","number","%","10","0..100","control.aggressive_tuning","PIC-102"
"SIG-0011","ns=2;s=Plant.ControlLoops.LIC-103.PV","PV — Interface da dessalgadora","Variável de processo medida: Nível de interface óleo-água.","FEED","Alimentação e pré-aquecimento","LIC-103","Interface da dessalgadora","control_loop","LIC-103","cpm.pv","number","%","30","0..100","valve.stiction","LIC-103"
"SIG-0012","ns=2;s=Plant.ControlLoops.LIC-103.SP","SP — Interface da dessalgadora","Referência operacional ou supervisória para nível de interface óleo-água.","FEED","Alimentação e pré-aquecimento","LIC-103","Interface da dessalgadora","control_loop","LIC-103","cpm.sp","number","%","30","0..100","valve.stiction","LIC-103"
"SIG-0013","ns=2;s=Plant.ControlLoops.LIC-103.OP","OP — Interface da dessalgadora","Demanda calculada pelo controlador para posição da válvula de drenagem de salmoura.","FEED","Alimentação e pré-aquecimento","LIC-103","Interface da dessalgadora","control_loop","LIC-103","cpm.op","number","%","10","0..100","valve.stiction","LIC-103"
"SIG-0014","ns=2;s=Plant.ControlLoops.LIC-103.MODE","Modo — Interface da dessalgadora","Modo efetivo do controlador: automático, manual, cascata ou remoto.","FEED","Alimentação e pré-aquecimento","LIC-103","Interface da dessalgadora","control_loop","LIC-103","cpm.mode","string","state","10","AUTO|MAN|CAS|REMOTE","valve.stiction","LIC-103"
"SIG-0015","ns=2;s=Plant.ControlLoops.LIC-103.MVFB","Resposta do elemento final — Interface da dessalgadora","Resposta física medida do elemento final: Posição da válvula de drenagem de salmoura.","FEED","Alimentação e pré-aquecimento","LIC-103","Interface da dessalgadora","control_loop","LIC-103","cpm.valve_position","number","%","10","0..100","valve.stiction","LIC-103"
"SIG-0016","ns=2;s=Plant.ControlLoops.TIC-104.PV","PV — Temperatura de saída do pré-aquecimento","Variável de processo medida: Temperatura de carga aquecida.","FEED","Alimentação e pré-aquecimento","TIC-104","Temperatura de saída do pré-aquecimento","control_loop","TIC-104","cpm.pv","number","°C","30","-20..700","process.disturbance","TIC-104"
"SIG-0017","ns=2;s=Plant.ControlLoops.TIC-104.SP","SP — Temperatura de saída do pré-aquecimento","Referência operacional ou supervisória para temperatura de carga aquecida.","FEED","Alimentação e pré-aquecimento","TIC-104","Temperatura de saída do pré-aquecimento","control_loop","TIC-104","cpm.sp","number","°C","30","-20..700","process.disturbance","TIC-104"
"SIG-0018","ns=2;s=Plant.ControlLoops.TIC-104.OP","OP — Temperatura de saída do pré-aquecimento","Demanda calculada pelo controlador para referência de vazão do fluido quente.","FEED","Alimentação e pré-aquecimento","TIC-104","Temperatura de saída do pré-aquecimento","control_loop","TIC-104","cpm.op","number","%","10","0..100","process.disturbance","TIC-104"
"SIG-0019","ns=2;s=Plant.ControlLoops.TIC-104.MODE","Modo — Temperatura de saída do pré-aquecimento","Modo efetivo do controlador: automático, manual, cascata ou remoto.","FEED","Alimentação e pré-aquecimento","TIC-104","Temperatura de saída do pré-aquecimento","control_loop","TIC-104","cpm.mode","string","state","10","AUTO|MAN|CAS|REMOTE","process.disturbance","TIC-104"
"SIG-0020","ns=2;s=Plant.ControlLoops.TIC-104.MVFB","Resposta do elemento final — Temperatura de saída do pré-aquecimento","Resposta física medida do elemento final: Referência de vazão do fluido quente.","FEED","Alimentação e pré-aquecimento","TIC-104","Temperatura de saída do pré-aquecimento","control_loop","TIC-104","","number","%","10","0..100","process.disturbance","TIC-104"
"SIG-0021","ns=2;s=Plant.ControlLoops.AIC-105.PV","PV — Água e sais na carga","Variável de processo medida: Teor de água e sais na alimentação.","FEED","Alimentação e pré-aquecimento","AIC-105","Água e sais na carga","control_loop","AIC-105","cpm.pv","number","ppm","30","0..5000","data.gap","AIC-105"
"SIG-0022","ns=2;s=Plant.ControlLoops.AIC-105.SP","SP — Água e sais na carga","Referência operacional ou supervisória para teor de água e sais na alimentação.","FEED","Alimentação e pré-aquecimento","AIC-105","Água e sais na carga","control_loop","AIC-105","cpm.sp","number","ppm","30","0..5000","data.gap","AIC-105"
"SIG-0023","ns=2;s=Plant.ControlLoops.AIC-105.OP","OP — Água e sais na carga","Demanda calculada pelo controlador para referência de água de lavagem.","FEED","Alimentação e pré-aquecimento","AIC-105","Água e sais na carga","control_loop","AIC-105","cpm.op","number","%","10","0..100","data.gap","AIC-105"
"SIG-0024","ns=2;s=Plant.ControlLoops.AIC-105.MODE","Modo — Água e sais na carga","Modo efetivo do controlador: automático, manual, cascata ou remoto.","FEED","Alimentação e pré-aquecimento","AIC-105","Água e sais na carga","control_loop","AIC-105","cpm.mode","string","state","10","AUTO|MAN|CAS|REMOTE","data.gap","AIC-105"
"SIG-0025","ns=2;s=Plant.ControlLoops.AIC-105.MVFB","Resposta do elemento final — Água e sais na carga","Resposta física medida do elemento final: Referência de água de lavagem.","FEED","Alimentação e pré-aquecimento","AIC-105","Água e sais na carga","control_loop","AIC-105","","number","%","10","0..100","data.gap","AIC-105"
"SIG-0026","ns=2;s=Plant.ControlLoops.FIC-201.PV","PV — Vazão de alimentação da coluna","Variável de processo medida: Vazão de carga da coluna atmosférica.","DIST","Destilação","FIC-201","Vazão de alimentação da coluna","control_loop","FIC-201","cpm.pv","number","m³/h","30","0..1000","normal.steady","FIC-201"
"SIG-0027","ns=2;s=Plant.ControlLoops.FIC-201.SP","SP — Vazão de alimentação da coluna","Referência operacional ou supervisória para vazão de carga da coluna atmosférica.","DIST","Destilação","FIC-201","Vazão de alimentação da coluna","control_loop","FIC-201","cpm.sp","number","m³/h","30","0..1000","normal.steady","FIC-201"
"SIG-0028","ns=2;s=Plant.ControlLoops.FIC-201.OP","OP — Vazão de alimentação da coluna","Demanda calculada pelo controlador para posição da válvula de alimentação.","DIST","Destilação","FIC-201","Vazão de alimentação da coluna","control_loop","FIC-201","cpm.op","number","%","10","0..100","normal.steady","FIC-201"
"SIG-0029","ns=2;s=Plant.ControlLoops.FIC-201.MODE","Modo — Vazão de alimentação da coluna","Modo efetivo do controlador: automático, manual, cascata ou remoto.","DIST","Destilação","FIC-201","Vazão de alimentação da coluna","control_loop","FIC-201","cpm.mode","string","state","10","AUTO|MAN|CAS|REMOTE","normal.steady","FIC-201"
"SIG-0030","ns=2;s=Plant.ControlLoops.FIC-201.MVFB","Resposta do elemento final — Vazão de alimentação da coluna","Resposta física medida do elemento final: Posição da válvula de alimentação.","DIST","Destilação","FIC-201","Vazão de alimentação da coluna","control_loop","FIC-201","cpm.valve_position","number","%","10","0..100","normal.steady","FIC-201"
"SIG-0031","ns=2;s=Plant.ControlLoops.PIC-202.PV","PV — Pressão do topo da coluna","Variável de processo medida: Pressão do topo da coluna.","DIST","Destilação","PIC-202","Pressão do topo da coluna","control_loop","PIC-202","cpm.pv","number","bar","30","0..250","control.oscillation","PIC-202"
"SIG-0032","ns=2;s=Plant.ControlLoops.PIC-202.SP","SP — Pressão do topo da coluna","Referência operacional ou supervisória para pressão do topo da coluna.","DIST","Destilação","PIC-202","Pressão do topo da coluna","control_loop","PIC-202","cpm.sp","number","bar","30","0..250","control.oscillation","PIC-202"
"SIG-0033","ns=2;s=Plant.ControlLoops.PIC-202.OP","OP — Pressão do topo da coluna","Demanda calculada pelo controlador para demanda combinada do condensador e vent.","DIST","Destilação","PIC-202","Pressão do topo da coluna","control_loop","PIC-202","cpm.op","number","%","10","0..100","control.oscillation","PIC-202"
"SIG-0034","ns=2;s=Plant.ControlLoops.PIC-202.MODE","Modo — Pressão do topo da coluna","Modo efetivo do controlador: automático, manual, cascata ou remoto.","DIST","Destilação","PIC-202","Pressão do topo da coluna","control_loop","PIC-202","cpm.mode","string","state","10","AUTO|MAN|CAS|REMOTE","control.oscillation","PIC-202"
"SIG-0035","ns=2;s=Plant.ControlLoops.PIC-202.MVFB","Resposta do elemento final — Pressão do topo da coluna","Resposta física medida do elemento final: Demanda combinada do condensador e vent.","DIST","Destilação","PIC-202","Pressão do topo da coluna","control_loop","PIC-202","","number","%","10","0..100","control.oscillation","PIC-202"
"SIG-0036","ns=2;s=Plant.ControlLoops.TIC-203.PV","PV — Temperatura do topo da coluna","Variável de processo medida: Temperatura do produto de topo.","DIST","Destilação","TIC-203","Temperatura do topo da coluna","control_loop","TIC-203","cpm.pv","number","°C","30","-20..700","sensor.drift","TIC-203"
"SIG-0037","ns=2;s=Plant.ControlLoops.TIC-203.SP","SP — Temperatura do topo da coluna","Referência operacional ou supervisória para temperatura do produto de topo.","DIST","Destilação","TIC-203","Temperatura do topo da coluna","control_loop","TIC-203","cpm.sp","number","°C","30","-20..700","sensor.drift","TIC-203"
"SIG-0038","ns=2;s=Plant.ControlLoops.TIC-203.OP","OP — Temperatura do topo da coluna","Demanda calculada pelo controlador para referência da vazão de refluxo.","DIST","Destilação","TIC-203","Temperatura do topo da coluna","control_loop","TIC-203","cpm.op","number","%","10","0..100","sensor.drift","TIC-203"
"SIG-0039","ns=2;s=Plant.ControlLoops.TIC-203.MODE","Modo — Temperatura do topo da coluna","Modo efetivo do controlador: automático, manual, cascata ou remoto.","DIST","Destilação","TIC-203","Temperatura do topo da coluna","control_loop","TIC-203","cpm.mode","string","state","10","AUTO|MAN|CAS|REMOTE","sensor.drift","TIC-203"
"SIG-0040","ns=2;s=Plant.ControlLoops.TIC-203.MVFB","Resposta do elemento final — Temperatura do topo da coluna","Resposta física medida do elemento final: Referência da vazão de refluxo.","DIST","Destilação","TIC-203","Temperatura do topo da coluna","control_loop","TIC-203","","number","%","10","0..100","sensor.drift","TIC-203"
"SIG-0041","ns=2;s=Plant.ControlLoops.TIC-204.PV","PV — Temperatura do fundo da coluna","Variável de processo medida: Temperatura do fundo da coluna.","DIST","Destilação","TIC-204","Temperatura do fundo da coluna","control_loop","TIC-204","cpm.pv","number","°C","30","-20..700","control.sluggish_tuning","TIC-204"
"SIG-0042","ns=2;s=Plant.ControlLoops.TIC-204.SP","SP — Temperatura do fundo da coluna","Referência operacional ou supervisória para temperatura do fundo da coluna.","DIST","Destilação","TIC-204","Temperatura do fundo da coluna","control_loop","TIC-204","cpm.sp","number","°C","30","-20..700","control.sluggish_tuning","TIC-204"
"SIG-0043","ns=2;s=Plant.ControlLoops.TIC-204.OP","OP — Temperatura do fundo da coluna","Demanda calculada pelo controlador para referência de vapor do refervedor.","DIST","Destilação","TIC-204","Temperatura do fundo da coluna","control_loop","TIC-204","cpm.op","number","%","10","0..100","control.sluggish_tuning","TIC-204"
"SIG-0044","ns=2;s=Plant.ControlLoops.TIC-204.MODE","Modo — Temperatura do fundo da coluna","Modo efetivo do controlador: automático, manual, cascata ou remoto.","DIST","Destilação","TIC-204","Temperatura do fundo da coluna","control_loop","TIC-204","cpm.mode","string","state","10","AUTO|MAN|CAS|REMOTE","control.sluggish_tuning","TIC-204"
"SIG-0045","ns=2;s=Plant.ControlLoops.TIC-204.MVFB","Resposta do elemento final — Temperatura do fundo da coluna","Resposta física medida do elemento final: Referência de vapor do refervedor.","DIST","Destilação","TIC-204","Temperatura do fundo da coluna","control_loop","TIC-204","","number","%","10","0..100","control.sluggish_tuning","TIC-204"
"SIG-0046","ns=2;s=Plant.ControlLoops.LIC-205.PV","PV — Nível do vaso de refluxo","Variável de processo medida: Nível do vaso de refluxo.","DIST","Destilação","LIC-205","Nível do vaso de refluxo","control_loop","LIC-205","cpm.pv","number","%","30","0..100","operations.manual","LIC-205"
"SIG-0047","ns=2;s=Plant.ControlLoops.LIC-205.SP","SP — Nível do vaso de refluxo","Referência operacional ou supervisória para nível do vaso de refluxo.","DIST","Destilação","LIC-205","Nível do vaso de refluxo","control_loop","LIC-205","cpm.sp","number","%","30","0..100","operations.manual","LIC-205"
"SIG-0048","ns=2;s=Plant.ControlLoops.LIC-205.OP","OP — Nível do vaso de refluxo","Demanda calculada pelo controlador para posição da válvula de destilado.","DIST","Destilação","LIC-205","Nível do vaso de refluxo","control_loop","LIC-205","cpm.op","number","%","10","0..100","operations.manual","LIC-205"
"SIG-0049","ns=2;s=Plant.ControlLoops.LIC-205.MODE","Modo — Nível do vaso de refluxo","Modo efetivo do controlador: automático, manual, cascata ou remoto.","DIST","Destilação","LIC-205","Nível do vaso de refluxo","control_loop","LIC-205","cpm.mode","string","state","10","AUTO|MAN|CAS|REMOTE","operations.manual","LIC-205"
"SIG-0050","ns=2;s=Plant.ControlLoops.LIC-205.MVFB","Resposta do elemento final — Nível do vaso de refluxo","Resposta física medida do elemento final: Posição da válvula de destilado.","DIST","Destilação","LIC-205","Nível do vaso de refluxo","control_loop","LIC-205","cpm.valve_position","number","%","10","0..100","operations.manual","LIC-205"
"SIG-0051","ns=2;s=Plant.ControlLoops.FIC-206.PV","PV — Vazão de refluxo","Variável de processo medida: Vazão de refluxo para a coluna.","DIST","Destilação","FIC-206","Vazão de refluxo","control_loop","FIC-206","cpm.pv","number","m³/h","30","0..1000","valve.stiction","FIC-206"
"SIG-0052","ns=2;s=Plant.ControlLoops.FIC-206.SP","SP — Vazão de refluxo","Referência operacional ou supervisória para vazão de refluxo para a coluna.","DIST","Destilação","FIC-206","Vazão de refluxo","control_loop","FIC-206","cpm.sp","number","m³/h","30","0..1000","valve.stiction","FIC-206"
"SIG-0053","ns=2;s=Plant.ControlLoops.FIC-206.OP","OP — Vazão de refluxo","Demanda calculada pelo controlador para posição da válvula de refluxo.","DIST","Destilação","FIC-206","Vazão de refluxo","control_loop","FIC-206","cpm.op","number","%","10","0..100","valve.stiction","FIC-206"
"SIG-0054","ns=2;s=Plant.ControlLoops.FIC-206.MODE","Modo — Vazão de refluxo","Modo efetivo do controlador: automático, manual, cascata ou remoto.","DIST","Destilação","FIC-206","Vazão de refluxo","control_loop","FIC-206","cpm.mode","string","state","10","AUTO|MAN|CAS|REMOTE","valve.stiction","FIC-206"
"SIG-0055","ns=2;s=Plant.ControlLoops.FIC-206.MVFB","Resposta do elemento final — Vazão de refluxo","Resposta física medida do elemento final: Posição da válvula de refluxo.","DIST","Destilação","FIC-206","Vazão de refluxo","control_loop","FIC-206","cpm.valve_position","number","%","10","0..100","valve.stiction","FIC-206"
"SIG-0056","ns=2;s=Plant.ControlLoops.FIC-207.PV","PV — Vazão de retirada lateral","Variável de processo medida: Vazão do produto lateral.","DIST","Destilação","FIC-207","Vazão de retirada lateral","control_loop","FIC-207","cpm.pv","number","m³/h","30","0..1000","actuator.saturation","FIC-207"
"SIG-0057","ns=2;s=Plant.ControlLoops.FIC-207.SP","SP — Vazão de retirada lateral","Referência operacional ou supervisória para vazão do produto lateral.","DIST","Destilação","FIC-207","Vazão de retirada lateral","control_loop","FIC-207","cpm.sp","number","m³/h","30","0..1000","actuator.saturation","FIC-207"
"SIG-0058","ns=2;s=Plant.ControlLoops.FIC-207.OP","OP — Vazão de retirada lateral","Demanda calculada pelo controlador para posição da válvula de produto.","DIST","Destilação","FIC-207","Vazão de retirada lateral","control_loop","FIC-207","cpm.op","number","%","10","0..100","actuator.saturation","FIC-207"
"SIG-0059","ns=2;s=Plant.ControlLoops.FIC-207.MODE","Modo — Vazão de retirada lateral","Modo efetivo do controlador: automático, manual, cascata ou remoto.","DIST","Destilação","FIC-207","Vazão de retirada lateral","control_loop","FIC-207","cpm.mode","string","state","10","AUTO|MAN|CAS|REMOTE","actuator.saturation","FIC-207"
"SIG-0060","ns=2;s=Plant.ControlLoops.FIC-207.MVFB","Resposta do elemento final — Vazão de retirada lateral","Resposta física medida do elemento final: Posição da válvula de produto.","DIST","Destilação","FIC-207","Vazão de retirada lateral","control_loop","FIC-207","cpm.valve_position","number","%","10","0..100","actuator.saturation","FIC-207"
"SIG-0061","ns=2;s=Plant.ControlLoops.LIC-208.PV","PV — Nível do fundo da coluna","Variável de processo medida: Nível do fundo da coluna.","DIST","Destilação","LIC-208","Nível do fundo da coluna","control_loop","LIC-208","cpm.pv","number","%","30","0..100","process.interaction","LIC-208"
"SIG-0062","ns=2;s=Plant.ControlLoops.LIC-208.SP","SP — Nível do fundo da coluna","Referência operacional ou supervisória para nível do fundo da coluna.","DIST","Destilação","LIC-208","Nível do fundo da coluna","control_loop","LIC-208","cpm.sp","number","%","30","0..100","process.interaction","LIC-208"
"SIG-0063","ns=2;s=Plant.ControlLoops.LIC-208.OP","OP — Nível do fundo da coluna","Demanda calculada pelo controlador para velocidade da bomba de fundo.","DIST","Destilação","LIC-208","Nível do fundo da coluna","control_loop","LIC-208","cpm.op","number","%","10","0..100","process.interaction","LIC-208"
"SIG-0064","ns=2;s=Plant.ControlLoops.LIC-208.MODE","Modo — Nível do fundo da coluna","Modo efetivo do controlador: automático, manual, cascata ou remoto.","DIST","Destilação","LIC-208","Nível do fundo da coluna","control_loop","LIC-208","cpm.mode","string","state","10","AUTO|MAN|CAS|REMOTE","process.interaction","LIC-208"
"SIG-0065","ns=2;s=Plant.ControlLoops.LIC-208.MVFB","Resposta do elemento final — Nível do fundo da coluna","Resposta física medida do elemento final: Velocidade da bomba de fundo.","DIST","Destilação","LIC-208","Nível do fundo da coluna","control_loop","LIC-208","","number","%","10","0..100","process.interaction","LIC-208"
"SIG-0066","ns=2;s=Plant.ControlLoops.FIC-301.PV","PV — Vazão de carga do hidrotratamento","Variável de processo medida: Vazão de hidrocarboneto para o reator.","HDT","Hidrotratamento e reação","FIC-301","Vazão de carga do hidrotratamento","control_loop","FIC-301","cpm.pv","number","m³/h","30","0..1000","normal.steady","FIC-301"
"SIG-0067","ns=2;s=Plant.ControlLoops.FIC-301.SP","SP — Vazão de carga do hidrotratamento","Referência operacional ou supervisória para vazão de hidrocarboneto para o reator.","HDT","Hidrotratamento e reação","FIC-301","Vazão de carga do hidrotratamento","control_loop","FIC-301","cpm.sp","number","m³/h","30","0..1000","normal.steady","FIC-301"
"SIG-0068","ns=2;s=Plant.ControlLoops.FIC-301.OP","OP — Vazão de carga do hidrotratamento","Demanda calculada pelo controlador para posição da válvula de carga.","HDT","Hidrotratamento e reação","FIC-301","Vazão de carga do hidrotratamento","control_loop","FIC-301","cpm.op","number","%","10","0..100","normal.steady","FIC-301"
"SIG-0069","ns=2;s=Plant.ControlLoops.FIC-301.MODE","Modo — Vazão de carga do hidrotratamento","Modo efetivo do controlador: automático, manual, cascata ou remoto.","HDT","Hidrotratamento e reação","FIC-301","Vazão de carga do hidrotratamento","control_loop","FIC-301","cpm.mode","string","state","10","AUTO|MAN|CAS|REMOTE","normal.steady","FIC-301"
"SIG-0070","ns=2;s=Plant.ControlLoops.FIC-301.MVFB","Resposta do elemento final — Vazão de carga do hidrotratamento","Resposta física medida do elemento final: Posição da válvula de carga.","HDT","Hidrotratamento e reação","FIC-301","Vazão de carga do hidrotratamento","control_loop","FIC-301","cpm.valve_position","number","%","10","0..100","normal.steady","FIC-301"
"SIG-0071","ns=2;s=Plant.ControlLoops.FRC-302.PV","PV — Razão hidrogênio/óleo","Variável de processo medida: Razão molar hidrogênio/óleo.","HDT","Hidrotratamento e reação","FRC-302","Razão hidrogênio/óleo","control_loop","FRC-302","cpm.pv","number","ratio","30","0..20","operations.setpoint_activity","FRC-302"
"SIG-0072","ns=2;s=Plant.ControlLoops.FRC-302.SP","SP — Razão hidrogênio/óleo","Referência operacional ou supervisória para razão molar hidrogênio/óleo.","HDT","Hidrotratamento e reação","FRC-302","Razão hidrogênio/óleo","control_loop","FRC-302","cpm.sp","number","ratio","30","0..20","operations.setpoint_activity","FRC-302"
"SIG-0073","ns=2;s=Plant.ControlLoops.FRC-302.OP","OP — Razão hidrogênio/óleo","Demanda calculada pelo controlador para referência da vazão de hidrogênio.","HDT","Hidrotratamento e reação","FRC-302","Razão hidrogênio/óleo","control_loop","FRC-302","cpm.op","number","%","10","0..100","operations.setpoint_activity","FRC-302"
"SIG-0074","ns=2;s=Plant.ControlLoops.FRC-302.MODE","Modo — Razão hidrogênio/óleo","Modo efetivo do controlador: automático, manual, cascata ou remoto.","HDT","Hidrotratamento e reação","FRC-302","Razão hidrogênio/óleo","control_loop","FRC-302","cpm.mode","string","state","10","AUTO|MAN|CAS|REMOTE","operations.setpoint_activity","FRC-302"
"SIG-0075","ns=2;s=Plant.ControlLoops.FRC-302.MVFB","Resposta do elemento final — Razão hidrogênio/óleo","Resposta física medida do elemento final: Referência da vazão de hidrogênio.","HDT","Hidrotratamento e reação","FRC-302","Razão hidrogênio/óleo","control_loop","FRC-302","","number","%","10","0..100","operations.setpoint_activity","FRC-302"
"SIG-0076","ns=2;s=Plant.ControlLoops.TIC-303.PV","PV — Temperatura de entrada do reator","Variável de processo medida: Temperatura de entrada do reator.","HDT","Hidrotratamento e reação","TIC-303","Temperatura de entrada do reator","control_loop","TIC-303","cpm.pv","number","°C","30","-20..700","control.sluggish_tuning","TIC-303"
"SIG-0077","ns=2;s=Plant.ControlLoops.TIC-303.SP","SP — Temperatura de entrada do reator","Referência operacional ou supervisória para temperatura de entrada do reator.","HDT","Hidrotratamento e reação","TIC-303","Temperatura de entrada do reator","control_loop","TIC-303","cpm.sp","number","°C","30","-20..700","control.sluggish_tuning","TIC-303"
"SIG-0078","ns=2;s=Plant.ControlLoops.TIC-303.OP","OP — Temperatura de entrada do reator","Demanda calculada pelo controlador para referência de combustível do forno.","HDT","Hidrotratamento e reação","TIC-303","Temperatura de entrada do reator","control_loop","TIC-303","cpm.op","number","%","10","0..100","control.sluggish_tuning","TIC-303"
"SIG-0079","ns=2;s=Plant.ControlLoops.TIC-303.MODE","Modo — Temperatura de entrada do reator","Modo efetivo do controlador: automático, manual, cascata ou remoto.","HDT","Hidrotratamento e reação","TIC-303","Temperatura de entrada do reator","control_loop","TIC-303","cpm.mode","string","state","10","AUTO|MAN|CAS|REMOTE","control.sluggish_tuning","TIC-303"
"SIG-0080","ns=2;s=Plant.ControlLoops.TIC-303.MVFB","Resposta do elemento final — Temperatura de entrada do reator","Resposta física medida do elemento final: Referência de combustível do forno.","HDT","Hidrotratamento e reação","TIC-303","Temperatura de entrada do reator","control_loop","TIC-303","","number","%","10","0..100","control.sluggish_tuning","TIC-303"
"SIG-0081","ns=2;s=Plant.ControlLoops.TIC-304.PV","PV — Temperatura do leito catalítico","Variável de processo medida: Temperatura de saída do leito catalítico.","HDT","Hidrotratamento e reação","TIC-304","Temperatura do leito catalítico","control_loop","TIC-304","cpm.pv","number","°C","30","-20..700","control.oscillation","TIC-304"
"SIG-0082","ns=2;s=Plant.ControlLoops.TIC-304.SP","SP — Temperatura do leito catalítico","Referência operacional ou supervisória para temperatura de saída do leito catalítico.","HDT","Hidrotratamento e reação","TIC-304","Temperatura do leito catalítico","control_loop","TIC-304","cpm.sp","number","°C","30","-20..700","control.oscillation","TIC-304"
"SIG-0083","ns=2;s=Plant.ControlLoops.TIC-304.OP","OP — Temperatura do leito catalítico","Demanda calculada pelo controlador para referência da vazão de quench.","HDT","Hidrotratamento e reação","TIC-304","Temperatura do leito catalítico","control_loop","TIC-304","cpm.op","number","%","10","0..100","control.oscillation","TIC-304"
"SIG-0084","ns=2;s=Plant.ControlLoops.TIC-304.MODE","Modo — Temperatura do leito catalítico","Modo efetivo do controlador: automático, manual, cascata ou remoto.","HDT","Hidrotratamento e reação","TIC-304","Temperatura do leito catalítico","control_loop","TIC-304","cpm.mode","string","state","10","AUTO|MAN|CAS|REMOTE","control.oscillation","TIC-304"
"SIG-0085","ns=2;s=Plant.ControlLoops.TIC-304.MVFB","Resposta do elemento final — Temperatura do leito catalítico","Resposta física medida do elemento final: Referência da vazão de quench.","HDT","Hidrotratamento e reação","TIC-304","Temperatura do leito catalítico","control_loop","TIC-304","","number","%","10","0..100","control.oscillation","TIC-304"
"SIG-0086","ns=2;s=Plant.ControlLoops.PIC-305.PV","PV — Pressão do reator","Variável de processo medida: Pressão do sistema de reação.","HDT","Hidrotratamento e reação","PIC-305","Pressão do reator","control_loop","PIC-305","cpm.pv","number","bar","30","0..250","actuator.saturation","PIC-305"
"SIG-0087","ns=2;s=Plant.ControlLoops.PIC-305.SP","SP — Pressão do reator","Referência operacional ou supervisória para pressão do sistema de reação.","HDT","Hidrotratamento e reação","PIC-305","Pressão do reator","control_loop","PIC-305","cpm.sp","number","bar","30","0..250","actuator.saturation","PIC-305"
"SIG-0088","ns=2;s=Plant.ControlLoops.PIC-305.OP","OP — Pressão do reator","Demanda calculada pelo controlador para demanda do compressor e válvula de reciclo.","HDT","Hidrotratamento e reação","PIC-305","Pressão do reator","control_loop","PIC-305","cpm.op","number","%","10","0..100","actuator.saturation","PIC-305"
"SIG-0089","ns=2;s=Plant.ControlLoops.PIC-305.MODE","Modo — Pressão do reator","Modo efetivo do controlador: automático, manual, cascata ou remoto.","HDT","Hidrotratamento e reação","PIC-305","Pressão do reator","control_loop","PIC-305","cpm.mode","string","state","10","AUTO|MAN|CAS|REMOTE","actuator.saturation","PIC-305"
"SIG-0090","ns=2;s=Plant.ControlLoops.PIC-305.MVFB","Resposta do elemento final — Pressão do reator","Resposta física medida do elemento final: Demanda do compressor e válvula de reciclo.","HDT","Hidrotratamento e reação","PIC-305","Pressão do reator","control_loop","PIC-305","cpm.valve_position","number","%","10","0..100","actuator.saturation","PIC-305"
"SIG-0091","ns=2;s=Plant.ControlLoops.LIC-306.PV","PV — Nível do separador de alta pressão","Variável de processo medida: Nível do separador de alta.","HDT","Hidrotratamento e reação","LIC-306","Nível do separador de alta pressão","control_loop","LIC-306","cpm.pv","number","%","30","0..100","valve.backlash","LIC-306"
"SIG-0092","ns=2;s=Plant.ControlLoops.LIC-306.SP","SP — Nível do separador de alta pressão","Referência operacional ou supervisória para nível do separador de alta.","HDT","Hidrotratamento e reação","LIC-306","Nível do separador de alta pressão","control_loop","LIC-306","cpm.sp","number","%","30","0..100","valve.backlash","LIC-306"
"SIG-0093","ns=2;s=Plant.ControlLoops.LIC-306.OP","OP — Nível do separador de alta pressão","Demanda calculada pelo controlador para posição da válvula de líquido.","HDT","Hidrotratamento e reação","LIC-306","Nível do separador de alta pressão","control_loop","LIC-306","cpm.op","number","%","10","0..100","valve.backlash","LIC-306"
"SIG-0094","ns=2;s=Plant.ControlLoops.LIC-306.MODE","Modo — Nível do separador de alta pressão","Modo efetivo do controlador: automático, manual, cascata ou remoto.","HDT","Hidrotratamento e reação","LIC-306","Nível do separador de alta pressão","control_loop","LIC-306","cpm.mode","string","state","10","AUTO|MAN|CAS|REMOTE","valve.backlash","LIC-306"
"SIG-0095","ns=2;s=Plant.ControlLoops.LIC-306.MVFB","Resposta do elemento final — Nível do separador de alta pressão","Resposta física medida do elemento final: Posição da válvula de líquido.","HDT","Hidrotratamento e reação","LIC-306","Nível do separador de alta pressão","control_loop","LIC-306","cpm.valve_position","number","%","10","0..100","valve.backlash","LIC-306"
"SIG-0096","ns=2;s=Plant.ControlLoops.AIC-307.PV","PV — Enxofre no produto tratado","Variável de processo medida: Teor de enxofre do produto.","HDT","Hidrotratamento e reação","AIC-307","Enxofre no produto tratado","control_loop","AIC-307","cpm.pv","number","ppm","30","0..5000","sensor.noise","AIC-307"
"SIG-0097","ns=2;s=Plant.ControlLoops.AIC-307.SP","SP — Enxofre no produto tratado","Referência operacional ou supervisória para teor de enxofre do produto.","HDT","Hidrotratamento e reação","AIC-307","Enxofre no produto tratado","control_loop","AIC-307","cpm.sp","number","ppm","30","0..5000","sensor.noise","AIC-307"
"SIG-0098","ns=2;s=Plant.ControlLoops.AIC-307.OP","OP — Enxofre no produto tratado","Demanda calculada pelo controlador para bias da referência de temperatura do reator.","HDT","Hidrotratamento e reação","AIC-307","Enxofre no produto tratado","control_loop","AIC-307","cpm.op","number","%","10","0..100","sensor.noise","AIC-307"
"SIG-0099","ns=2;s=Plant.ControlLoops.AIC-307.MODE","Modo — Enxofre no produto tratado","Modo efetivo do controlador: automático, manual, cascata ou remoto.","HDT","Hidrotratamento e reação","AIC-307","Enxofre no produto tratado","control_loop","AIC-307","cpm.mode","string","state","10","AUTO|MAN|CAS|REMOTE","sensor.noise","AIC-307"
"SIG-0100","ns=2;s=Plant.ControlLoops.AIC-307.MVFB","Resposta do elemento final — Enxofre no produto tratado","Resposta física medida do elemento final: Bias da referência de temperatura do reator.","HDT","Hidrotratamento e reação","AIC-307","Enxofre no produto tratado","control_loop","AIC-307","","number","%","10","0..100","sensor.noise","AIC-307"
"SIG-0101","ns=2;s=Plant.ControlLoops.PIC-401.PV","PV — Pressão de sucção do compressor","Variável de processo medida: Pressão de sucção do compressor de hidrogênio.","H2C","Hidrogênio e compressão","PIC-401","Pressão de sucção do compressor","control_loop","PIC-401","cpm.pv","number","bar","30","0..250","data.communication_loss","PIC-401"
"SIG-0102","ns=2;s=Plant.ControlLoops.PIC-401.SP","SP — Pressão de sucção do compressor","Referência operacional ou supervisória para pressão de sucção do compressor de hidrogênio.","H2C","Hidrogênio e compressão","PIC-401","Pressão de sucção do compressor","control_loop","PIC-401","cpm.sp","number","bar","30","0..250","data.communication_loss","PIC-401"
"SIG-0103","ns=2;s=Plant.ControlLoops.PIC-401.OP","OP — Pressão de sucção do compressor","Demanda calculada pelo controlador para posição da válvula de reciclo.","H2C","Hidrogênio e compressão","PIC-401","Pressão de sucção do compressor","control_loop","PIC-401","cpm.op","number","%","10","0..100","data.communication_loss","PIC-401"
"SIG-0104","ns=2;s=Plant.ControlLoops.PIC-401.MODE","Modo — Pressão de sucção do compressor","Modo efetivo do controlador: automático, manual, cascata ou remoto.","H2C","Hidrogênio e compressão","PIC-401","Pressão de sucção do compressor","control_loop","PIC-401","cpm.mode","string","state","10","AUTO|MAN|CAS|REMOTE","data.communication_loss","PIC-401"
"SIG-0105","ns=2;s=Plant.ControlLoops.PIC-401.MVFB","Resposta do elemento final — Pressão de sucção do compressor","Resposta física medida do elemento final: Posição da válvula de reciclo.","H2C","Hidrogênio e compressão","PIC-401","Pressão de sucção do compressor","control_loop","PIC-401","cpm.valve_position","number","%","10","0..100","data.communication_loss","PIC-401"
"SIG-0106","ns=2;s=Plant.ControlLoops.PIC-402.PV","PV — Pressão de descarga do compressor","Variável de processo medida: Pressão de descarga do compressor.","H2C","Hidrogênio e compressão","PIC-402","Pressão de descarga do compressor","control_loop","PIC-402","cpm.pv","number","bar","30","0..250","control.aggressive_tuning","PIC-402"
"SIG-0107","ns=2;s=Plant.ControlLoops.PIC-402.SP","SP — Pressão de descarga do compressor","Referência operacional ou supervisória para pressão de descarga do compressor.","H2C","Hidrogênio e compressão","PIC-402","Pressão de descarga do compressor","control_loop","PIC-402","cpm.sp","number","bar","30","0..250","control.aggressive_tuning","PIC-402"
"SIG-0108","ns=2;s=Plant.ControlLoops.PIC-402.OP","OP — Pressão de descarga do compressor","Demanda calculada pelo controlador para referência de velocidade do compressor.","H2C","Hidrogênio e compressão","PIC-402","Pressão de descarga do compressor","control_loop","PIC-402","cpm.op","number","%","10","0..100","control.aggressive_tuning","PIC-402"
"SIG-0109","ns=2;s=Plant.ControlLoops.PIC-402.MODE","Modo — Pressão de descarga do compressor","Modo efetivo do controlador: automático, manual, cascata ou remoto.","H2C","Hidrogênio e compressão","PIC-402","Pressão de descarga do compressor","control_loop","PIC-402","cpm.mode","string","state","10","AUTO|MAN|CAS|REMOTE","control.aggressive_tuning","PIC-402"
"SIG-0110","ns=2;s=Plant.ControlLoops.PIC-402.MVFB","Resposta do elemento final — Pressão de descarga do compressor","Resposta física medida do elemento final: Referência de velocidade do compressor.","H2C","Hidrogênio e compressão","PIC-402","Pressão de descarga do compressor","control_loop","PIC-402","","number","%","10","0..100","control.aggressive_tuning","PIC-402"
"SIG-0111","ns=2;s=Plant.ControlLoops.FIC-403.PV","PV — Vazão de hidrogênio de reciclo","Variável de processo medida: Vazão de hidrogênio reciclado.","H2C","Hidrogênio e compressão","FIC-403","Vazão de hidrogênio de reciclo","control_loop","FIC-403","cpm.pv","number","Nm³/h","30","0..100000","process.interaction","FIC-403"
"SIG-0112","ns=2;s=Plant.ControlLoops.FIC-403.SP","SP — Vazão de hidrogênio de reciclo","Referência operacional ou supervisória para vazão de hidrogênio reciclado.","H2C","Hidrogênio e compressão","FIC-403","Vazão de hidrogênio de reciclo","control_loop","FIC-403","cpm.sp","number","Nm³/h","30","0..100000","process.interaction","FIC-403"
"SIG-0113","ns=2;s=Plant.ControlLoops.FIC-403.OP","OP — Vazão de hidrogênio de reciclo","Demanda calculada pelo controlador para posição da válvula de reciclo.","H2C","Hidrogênio e compressão","FIC-403","Vazão de hidrogênio de reciclo","control_loop","FIC-403","cpm.op","number","%","10","0..100","process.interaction","FIC-403"
"SIG-0114","ns=2;s=Plant.ControlLoops.FIC-403.MODE","Modo — Vazão de hidrogênio de reciclo","Modo efetivo do controlador: automático, manual, cascata ou remoto.","H2C","Hidrogênio e compressão","FIC-403","Vazão de hidrogênio de reciclo","control_loop","FIC-403","cpm.mode","string","state","10","AUTO|MAN|CAS|REMOTE","process.interaction","FIC-403"
"SIG-0115","ns=2;s=Plant.ControlLoops.FIC-403.MVFB","Resposta do elemento final — Vazão de hidrogênio de reciclo","Resposta física medida do elemento final: Posição da válvula de reciclo.","H2C","Hidrogênio e compressão","FIC-403","Vazão de hidrogênio de reciclo","control_loop","FIC-403","cpm.valve_position","number","%","10","0..100","process.interaction","FIC-403"
"SIG-0116","ns=2;s=Plant.ControlLoops.SIC-404.PV","PV — Velocidade do compressor","Variável de processo medida: Velocidade do compressor de hidrogênio.","H2C","Hidrogênio e compressão","SIC-404","Velocidade do compressor","control_loop","SIC-404","cpm.pv","number","rpm","30","0..15000","operations.manual","SIC-404"
"SIG-0117","ns=2;s=Plant.ControlLoops.SIC-404.SP","SP — Velocidade do compressor","Referência operacional ou supervisória para velocidade do compressor de hidrogênio.","H2C","Hidrogênio e compressão","SIC-404","Velocidade do compressor","control_loop","SIC-404","cpm.sp","number","rpm","30","0..15000","operations.manual","SIC-404"
"SIG-0118","ns=2;s=Plant.ControlLoops.SIC-404.OP","OP — Velocidade do compressor","Demanda calculada pelo controlador para posição do governador da turbina.","H2C","Hidrogênio e compressão","SIC-404","Velocidade do compressor","control_loop","SIC-404","cpm.op","number","%","10","0..100","operations.manual","SIC-404"
"SIG-0119","ns=2;s=Plant.ControlLoops.SIC-404.MODE","Modo — Velocidade do compressor","Modo efetivo do controlador: automático, manual, cascata ou remoto.","H2C","Hidrogênio e compressão","SIC-404","Velocidade do compressor","control_loop","SIC-404","cpm.mode","string","state","10","AUTO|MAN|CAS|REMOTE","operations.manual","SIC-404"
"SIG-0120","ns=2;s=Plant.ControlLoops.SIC-404.MVFB","Resposta do elemento final — Velocidade do compressor","Resposta física medida do elemento final: Posição do governador da turbina.","H2C","Hidrogênio e compressão","SIC-404","Velocidade do compressor","control_loop","SIC-404","","number","%","10","0..100","operations.manual","SIC-404"
"SIG-0121","ns=2;s=Plant.ControlLoops.AIC-405.PV","PV — Pureza do hidrogênio","Variável de processo medida: Pureza da corrente de hidrogênio.","H2C","Hidrogênio e compressão","AIC-405","Pureza do hidrogênio","control_loop","AIC-405","cpm.pv","number","mol%","30","0..100","sensor.drift","AIC-405"
"SIG-0122","ns=2;s=Plant.ControlLoops.AIC-405.SP","SP — Pureza do hidrogênio","Referência operacional ou supervisória para pureza da corrente de hidrogênio.","H2C","Hidrogênio e compressão","AIC-405","Pureza do hidrogênio","control_loop","AIC-405","cpm.sp","number","mol%","30","0..100","sensor.drift","AIC-405"
"SIG-0123","ns=2;s=Plant.ControlLoops.AIC-405.OP","OP — Pureza do hidrogênio","Demanda calculada pelo controlador para razão de purga da psa.","H2C","Hidrogênio e compressão","AIC-405","Pureza do hidrogênio","control_loop","AIC-405","cpm.op","number","%","10","0..100","sensor.drift","AIC-405"
"SIG-0124","ns=2;s=Plant.ControlLoops.AIC-405.MODE","Modo — Pureza do hidrogênio","Modo efetivo do controlador: automático, manual, cascata ou remoto.","H2C","Hidrogênio e compressão","AIC-405","Pureza do hidrogênio","control_loop","AIC-405","cpm.mode","string","state","10","AUTO|MAN|CAS|REMOTE","sensor.drift","AIC-405"
"SIG-0125","ns=2;s=Plant.ControlLoops.AIC-405.MVFB","Resposta do elemento final — Pureza do hidrogênio","Resposta física medida do elemento final: Razão de purga da PSA.","H2C","Hidrogênio e compressão","AIC-405","Pureza do hidrogênio","control_loop","AIC-405","","number","%","10","0..100","sensor.drift","AIC-405"
"SIG-0126","ns=2;s=Plant.ControlLoops.LIC-501.PV","PV — Nível do fundo do absorvedor de amina","Variável de processo medida: Nível de amina rica no absorvedor.","AMSR","Amina e recuperação de enxofre","LIC-501","Nível do fundo do absorvedor de amina","control_loop","LIC-501","cpm.pv","number","%","30","0..100","valve.stiction","LIC-501"
"SIG-0127","ns=2;s=Plant.ControlLoops.LIC-501.SP","SP — Nível do fundo do absorvedor de amina","Referência operacional ou supervisória para nível de amina rica no absorvedor.","AMSR","Amina e recuperação de enxofre","LIC-501","Nível do fundo do absorvedor de amina","control_loop","LIC-501","cpm.sp","number","%","30","0..100","valve.stiction","LIC-501"
"SIG-0128","ns=2;s=Plant.ControlLoops.LIC-501.OP","OP — Nível do fundo do absorvedor de amina","Demanda calculada pelo controlador para posição da válvula de amina rica.","AMSR","Amina e recuperação de enxofre","LIC-501","Nível do fundo do absorvedor de amina","control_loop","LIC-501","cpm.op","number","%","10","0..100","valve.stiction","LIC-501"
"SIG-0129","ns=2;s=Plant.ControlLoops.LIC-501.MODE","Modo — Nível do fundo do absorvedor de amina","Modo efetivo do controlador: automático, manual, cascata ou remoto.","AMSR","Amina e recuperação de enxofre","LIC-501","Nível do fundo do absorvedor de amina","control_loop","LIC-501","cpm.mode","string","state","10","AUTO|MAN|CAS|REMOTE","valve.stiction","LIC-501"
"SIG-0130","ns=2;s=Plant.ControlLoops.LIC-501.MVFB","Resposta do elemento final — Nível do fundo do absorvedor de amina","Resposta física medida do elemento final: Posição da válvula de amina rica.","AMSR","Amina e recuperação de enxofre","LIC-501","Nível do fundo do absorvedor de amina","control_loop","LIC-501","cpm.valve_position","number","%","10","0..100","valve.stiction","LIC-501"
"SIG-0131","ns=2;s=Plant.ControlLoops.PIC-502.PV","PV — Pressão do cabeçalho de gás ácido","Variável de processo medida: Pressão do gás ácido.","AMSR","Amina e recuperação de enxofre","PIC-502","Pressão do cabeçalho de gás ácido","control_loop","PIC-502","cpm.pv","number","bar","30","0..250","process.disturbance","PIC-502"
"SIG-0132","ns=2;s=Plant.ControlLoops.PIC-502.SP","SP — Pressão do cabeçalho de gás ácido","Referência operacional ou supervisória para pressão do gás ácido.","AMSR","Amina e recuperação de enxofre","PIC-502","Pressão do cabeçalho de gás ácido","control_loop","PIC-502","cpm.sp","number","bar","30","0..250","process.disturbance","PIC-502"
"SIG-0133","ns=2;s=Plant.ControlLoops.PIC-502.OP","OP — Pressão do cabeçalho de gás ácido","Demanda calculada pelo controlador para demanda do soprador e válvula para flare.","AMSR","Amina e recuperação de enxofre","PIC-502","Pressão do cabeçalho de gás ácido","control_loop","PIC-502","cpm.op","number","%","10","0..100","process.disturbance","PIC-502"
"SIG-0134","ns=2;s=Plant.ControlLoops.PIC-502.MODE","Modo — Pressão do cabeçalho de gás ácido","Modo efetivo do controlador: automático, manual, cascata ou remoto.","AMSR","Amina e recuperação de enxofre","PIC-502","Pressão do cabeçalho de gás ácido","control_loop","PIC-502","cpm.mode","string","state","10","AUTO|MAN|CAS|REMOTE","process.disturbance","PIC-502"
"SIG-0135","ns=2;s=Plant.ControlLoops.PIC-502.MVFB","Resposta do elemento final — Pressão do cabeçalho de gás ácido","Resposta física medida do elemento final: Demanda do soprador e válvula para flare.","AMSR","Amina e recuperação de enxofre","PIC-502","Pressão do cabeçalho de gás ácido","control_loop","PIC-502","cpm.valve_position","number","%","10","0..100","process.disturbance","PIC-502"
"SIG-0136","ns=2;s=Plant.ControlLoops.TIC-503.PV","PV — Temperatura do reator de enxofre","Variável de processo medida: Temperatura do reator Claus.","AMSR","Amina e recuperação de enxofre","TIC-503","Temperatura do reator de enxofre","control_loop","TIC-503","cpm.pv","number","°C","30","-20..700","control.oscillation","TIC-503"
"SIG-0137","ns=2;s=Plant.ControlLoops.TIC-503.SP","SP — Temperatura do reator de enxofre","Referência operacional ou supervisória para temperatura do reator claus.","AMSR","Amina e recuperação de enxofre","TIC-503","Temperatura do reator de enxofre","control_loop","TIC-503","cpm.sp","number","°C","30","-20..700","control.oscillation","TIC-503"
"SIG-0138","ns=2;s=Plant.ControlLoops.TIC-503.OP","OP — Temperatura do reator de enxofre","Demanda calculada pelo controlador para posição da válvula de combustível.","AMSR","Amina e recuperação de enxofre","TIC-503","Temperatura do reator de enxofre","control_loop","TIC-503","cpm.op","number","%","10","0..100","control.oscillation","TIC-503"
"SIG-0139","ns=2;s=Plant.ControlLoops.TIC-503.MODE","Modo — Temperatura do reator de enxofre","Modo efetivo do controlador: automático, manual, cascata ou remoto.","AMSR","Amina e recuperação de enxofre","TIC-503","Temperatura do reator de enxofre","control_loop","TIC-503","cpm.mode","string","state","10","AUTO|MAN|CAS|REMOTE","control.oscillation","TIC-503"
"SIG-0140","ns=2;s=Plant.ControlLoops.TIC-503.MVFB","Resposta do elemento final — Temperatura do reator de enxofre","Resposta física medida do elemento final: Posição da válvula de combustível.","AMSR","Amina e recuperação de enxofre","TIC-503","Temperatura do reator de enxofre","control_loop","TIC-503","cpm.valve_position","number","%","10","0..100","control.oscillation","TIC-503"
"SIG-0141","ns=2;s=Plant.ControlLoops.AIC-504.PV","PV — H₂S no gás de cauda","Variável de processo medida: Concentração de H₂S no gás de cauda.","AMSR","Amina e recuperação de enxofre","AIC-504","H₂S no gás de cauda","control_loop","AIC-504","cpm.pv","number","ppm","30","0..5000","sensor.noise","AIC-504"
"SIG-0142","ns=2;s=Plant.ControlLoops.AIC-504.SP","SP — H₂S no gás de cauda","Referência operacional ou supervisória para concentração de h₂s no gás de cauda.","AMSR","Amina e recuperação de enxofre","AIC-504","H₂S no gás de cauda","control_loop","AIC-504","cpm.sp","number","ppm","30","0..5000","sensor.noise","AIC-504"
"SIG-0143","ns=2;s=Plant.ControlLoops.AIC-504.OP","OP — H₂S no gás de cauda","Demanda calculada pelo controlador para bias da razão ar/gás ácido.","AMSR","Amina e recuperação de enxofre","AIC-504","H₂S no gás de cauda","control_loop","AIC-504","cpm.op","number","%","10","0..100","sensor.noise","AIC-504"
"SIG-0144","ns=2;s=Plant.ControlLoops.AIC-504.MODE","Modo — H₂S no gás de cauda","Modo efetivo do controlador: automático, manual, cascata ou remoto.","AMSR","Amina e recuperação de enxofre","AIC-504","H₂S no gás de cauda","control_loop","AIC-504","cpm.mode","string","state","10","AUTO|MAN|CAS|REMOTE","sensor.noise","AIC-504"
"SIG-0145","ns=2;s=Plant.ControlLoops.AIC-504.MVFB","Resposta do elemento final — H₂S no gás de cauda","Resposta física medida do elemento final: Bias da razão ar/gás ácido.","AMSR","Amina e recuperação de enxofre","AIC-504","H₂S no gás de cauda","control_loop","AIC-504","","number","%","10","0..100","sensor.noise","AIC-504"
"SIG-0146","ns=2;s=Plant.ControlLoops.PIC-601.PV","PV — Pressão do vapor de alta","Variável de processo medida: Pressão do cabeçalho de vapor de alta.","STEAM","Vapor, combustível e energia","PIC-601","Pressão do vapor de alta","control_loop","PIC-601","cpm.pv","number","bar","30","0..250","normal.steady","PIC-601"
"SIG-0147","ns=2;s=Plant.ControlLoops.PIC-601.SP","SP — Pressão do vapor de alta","Referência operacional ou supervisória para pressão do cabeçalho de vapor de alta.","STEAM","Vapor, combustível e energia","PIC-601","Pressão do vapor de alta","control_loop","PIC-601","cpm.sp","number","bar","30","0..250","normal.steady","PIC-601"
"SIG-0148","ns=2;s=Plant.ControlLoops.PIC-601.OP","OP — Pressão do vapor de alta","Demanda calculada pelo controlador para demanda de geração das caldeiras.","STEAM","Vapor, combustível e energia","PIC-601","Pressão do vapor de alta","control_loop","PIC-601","cpm.op","number","%","10","0..100","normal.steady","PIC-601"
"SIG-0149","ns=2;s=Plant.ControlLoops.PIC-601.MODE","Modo — Pressão do vapor de alta","Modo efetivo do controlador: automático, manual, cascata ou remoto.","STEAM","Vapor, combustível e energia","PIC-601","Pressão do vapor de alta","control_loop","PIC-601","cpm.mode","string","state","10","AUTO|MAN|CAS|REMOTE","normal.steady","PIC-601"
"SIG-0150","ns=2;s=Plant.ControlLoops.PIC-601.MVFB","Resposta do elemento final — Pressão do vapor de alta","Resposta física medida do elemento final: Demanda de geração das caldeiras.","STEAM","Vapor, combustível e energia","PIC-601","Pressão do vapor de alta","control_loop","PIC-601","","number","%","10","0..100","normal.steady","PIC-601"
"SIG-0151","ns=2;s=Plant.ControlLoops.PIC-602.PV","PV — Pressão do vapor de média","Variável de processo medida: Pressão do cabeçalho de vapor de média.","STEAM","Vapor, combustível e energia","PIC-602","Pressão do vapor de média","control_loop","PIC-602","cpm.pv","number","bar","30","0..250","process.disturbance","PIC-602"
"SIG-0152","ns=2;s=Plant.ControlLoops.PIC-602.SP","SP — Pressão do vapor de média","Referência operacional ou supervisória para pressão do cabeçalho de vapor de média.","STEAM","Vapor, combustível e energia","PIC-602","Pressão do vapor de média","control_loop","PIC-602","cpm.sp","number","bar","30","0..250","process.disturbance","PIC-602"
"SIG-0153","ns=2;s=Plant.ControlLoops.PIC-602.OP","OP — Pressão do vapor de média","Demanda calculada pelo controlador para posição da válvula de redução.","STEAM","Vapor, combustível e energia","PIC-602","Pressão do vapor de média","control_loop","PIC-602","cpm.op","number","%","10","0..100","process.disturbance","PIC-602"
"SIG-0154","ns=2;s=Plant.ControlLoops.PIC-602.MODE","Modo — Pressão do vapor de média","Modo efetivo do controlador: automático, manual, cascata ou remoto.","STEAM","Vapor, combustível e energia","PIC-602","Pressão do vapor de média","control_loop","PIC-602","cpm.mode","string","state","10","AUTO|MAN|CAS|REMOTE","process.disturbance","PIC-602"
"SIG-0155","ns=2;s=Plant.ControlLoops.PIC-602.MVFB","Resposta do elemento final — Pressão do vapor de média","Resposta física medida do elemento final: Posição da válvula de redução.","STEAM","Vapor, combustível e energia","PIC-602","Pressão do vapor de média","control_loop","PIC-602","cpm.valve_position","number","%","10","0..100","process.disturbance","PIC-602"
"SIG-0156","ns=2;s=Plant.ControlLoops.FIC-603.PV","PV — Vazão de água de caldeira","Variável de processo medida: Vazão de água de alimentação da caldeira.","STEAM","Vapor, combustível e energia","FIC-603","Vazão de água de caldeira","control_loop","FIC-603","cpm.pv","number","t/h","30","process_specific","actuator.saturation","FIC-603"
"SIG-0157","ns=2;s=Plant.ControlLoops.FIC-603.SP","SP — Vazão de água de caldeira","Referência operacional ou supervisória para vazão de água de alimentação da caldeira.","STEAM","Vapor, combustível e energia","FIC-603","Vazão de água de caldeira","control_loop","FIC-603","cpm.sp","number","t/h","30","process_specific","actuator.saturation","FIC-603"
"SIG-0158","ns=2;s=Plant.ControlLoops.FIC-603.OP","OP — Vazão de água de caldeira","Demanda calculada pelo controlador para posição da válvula de água de alimentação.","STEAM","Vapor, combustível e energia","FIC-603","Vazão de água de caldeira","control_loop","FIC-603","cpm.op","number","%","10","0..100","actuator.saturation","FIC-603"
"SIG-0159","ns=2;s=Plant.ControlLoops.FIC-603.MODE","Modo — Vazão de água de caldeira","Modo efetivo do controlador: automático, manual, cascata ou remoto.","STEAM","Vapor, combustível e energia","FIC-603","Vazão de água de caldeira","control_loop","FIC-603","cpm.mode","string","state","10","AUTO|MAN|CAS|REMOTE","actuator.saturation","FIC-603"
"SIG-0160","ns=2;s=Plant.ControlLoops.FIC-603.MVFB","Resposta do elemento final — Vazão de água de caldeira","Resposta física medida do elemento final: Posição da válvula de água de alimentação.","STEAM","Vapor, combustível e energia","FIC-603","Vazão de água de caldeira","control_loop","FIC-603","cpm.valve_position","number","%","10","0..100","actuator.saturation","FIC-603"
"SIG-0161","ns=2;s=Plant.ControlLoops.TIC-604.PV","PV — Temperatura do vapor superaquecido","Variável de processo medida: Temperatura do vapor superaquecido.","STEAM","Vapor, combustível e energia","TIC-604","Temperatura do vapor superaquecido","control_loop","TIC-604","cpm.pv","number","°C","30","-20..700","control.aggressive_tuning","TIC-604"
"SIG-0162","ns=2;s=Plant.ControlLoops.TIC-604.SP","SP — Temperatura do vapor superaquecido","Referência operacional ou supervisória para temperatura do vapor superaquecido.","STEAM","Vapor, combustível e energia","TIC-604","Temperatura do vapor superaquecido","control_loop","TIC-604","cpm.sp","number","°C","30","-20..700","control.aggressive_tuning","TIC-604"
"SIG-0163","ns=2;s=Plant.ControlLoops.TIC-604.OP","OP — Temperatura do vapor superaquecido","Demanda calculada pelo controlador para posição da válvula do dessuperaquecedor.","STEAM","Vapor, combustível e energia","TIC-604","Temperatura do vapor superaquecido","control_loop","TIC-604","cpm.op","number","%","10","0..100","control.aggressive_tuning","TIC-604"
"SIG-0164","ns=2;s=Plant.ControlLoops.TIC-604.MODE","Modo — Temperatura do vapor superaquecido","Modo efetivo do controlador: automático, manual, cascata ou remoto.","STEAM","Vapor, combustível e energia","TIC-604","Temperatura do vapor superaquecido","control_loop","TIC-604","cpm.mode","string","state","10","AUTO|MAN|CAS|REMOTE","control.aggressive_tuning","TIC-604"
"SIG-0165","ns=2;s=Plant.ControlLoops.TIC-604.MVFB","Resposta do elemento final — Temperatura do vapor superaquecido","Resposta física medida do elemento final: Posição da válvula do dessuperaquecedor.","STEAM","Vapor, combustível e energia","TIC-604","Temperatura do vapor superaquecido","control_loop","TIC-604","cpm.valve_position","number","%","10","0..100","control.aggressive_tuning","TIC-604"
"SIG-0166","ns=2;s=Plant.ControlLoops.PIC-605.PV","PV — Pressão do gás combustível","Variável de processo medida: Pressão do cabeçalho de gás combustível.","STEAM","Vapor, combustível e energia","PIC-605","Pressão do gás combustível","control_loop","PIC-605","cpm.pv","number","bar","30","0..250","data.bad_quality","PIC-605"
"SIG-0167","ns=2;s=Plant.ControlLoops.PIC-605.SP","SP — Pressão do gás combustível","Referência operacional ou supervisória para pressão do cabeçalho de gás combustível.","STEAM","Vapor, combustível e energia","PIC-605","Pressão do gás combustível","control_loop","PIC-605","cpm.sp","number","bar","30","0..250","data.bad_quality","PIC-605"
"SIG-0168","ns=2;s=Plant.ControlLoops.PIC-605.OP","OP — Pressão do gás combustível","Demanda calculada pelo controlador para posição da válvula de gás complementar.","STEAM","Vapor, combustível e energia","PIC-605","Pressão do gás combustível","control_loop","PIC-605","cpm.op","number","%","10","0..100","data.bad_quality","PIC-605"
"SIG-0169","ns=2;s=Plant.ControlLoops.PIC-605.MODE","Modo — Pressão do gás combustível","Modo efetivo do controlador: automático, manual, cascata ou remoto.","STEAM","Vapor, combustível e energia","PIC-605","Pressão do gás combustível","control_loop","PIC-605","cpm.mode","string","state","10","AUTO|MAN|CAS|REMOTE","data.bad_quality","PIC-605"
"SIG-0170","ns=2;s=Plant.ControlLoops.PIC-605.MVFB","Resposta do elemento final — Pressão do gás combustível","Resposta física medida do elemento final: Posição da válvula de gás complementar.","STEAM","Vapor, combustível e energia","PIC-605","Pressão do gás combustível","control_loop","PIC-605","cpm.valve_position","number","%","10","0..100","data.bad_quality","PIC-605"
"SIG-0171","ns=2;s=Plant.ControlLoops.FIC-701.PV","PV — Vazão de água de resfriamento","Variável de processo medida: Vazão de água de resfriamento.","UTIL","Água de resfriamento, ar e nitrogênio","FIC-701","Vazão de água de resfriamento","control_loop","FIC-701","cpm.pv","number","m³/h","30","0..1000","normal.steady","FIC-701"
"SIG-0172","ns=2;s=Plant.ControlLoops.FIC-701.SP","SP — Vazão de água de resfriamento","Referência operacional ou supervisória para vazão de água de resfriamento.","UTIL","Água de resfriamento, ar e nitrogênio","FIC-701","Vazão de água de resfriamento","control_loop","FIC-701","cpm.sp","number","m³/h","30","0..1000","normal.steady","FIC-701"
"SIG-0173","ns=2;s=Plant.ControlLoops.FIC-701.OP","OP — Vazão de água de resfriamento","Demanda calculada pelo controlador para referência de velocidade das bombas.","UTIL","Água de resfriamento, ar e nitrogênio","FIC-701","Vazão de água de resfriamento","control_loop","FIC-701","cpm.op","number","%","10","0..100","normal.steady","FIC-701"
"SIG-0174","ns=2;s=Plant.ControlLoops.FIC-701.MODE","Modo — Vazão de água de resfriamento","Modo efetivo do controlador: automático, manual, cascata ou remoto.","UTIL","Água de resfriamento, ar e nitrogênio","FIC-701","Vazão de água de resfriamento","control_loop","FIC-701","cpm.mode","string","state","10","AUTO|MAN|CAS|REMOTE","normal.steady","FIC-701"
"SIG-0175","ns=2;s=Plant.ControlLoops.FIC-701.MVFB","Resposta do elemento final — Vazão de água de resfriamento","Resposta física medida do elemento final: Referência de velocidade das bombas.","UTIL","Água de resfriamento, ar e nitrogênio","FIC-701","Vazão de água de resfriamento","control_loop","FIC-701","","number","%","10","0..100","normal.steady","FIC-701"
"SIG-0176","ns=2;s=Plant.ControlLoops.TIC-702.PV","PV — Temperatura de retorno da água","Variável de processo medida: Temperatura de retorno da água de resfriamento.","UTIL","Água de resfriamento, ar e nitrogênio","TIC-702","Temperatura de retorno da água","control_loop","TIC-702","cpm.pv","number","°C","30","-20..700","control.propagated_oscillation","TIC-702"
"SIG-0177","ns=2;s=Plant.ControlLoops.TIC-702.SP","SP — Temperatura de retorno da água","Referência operacional ou supervisória para temperatura de retorno da água de resfriamento.","UTIL","Água de resfriamento, ar e nitrogênio","TIC-702","Temperatura de retorno da água","control_loop","TIC-702","cpm.sp","number","°C","30","-20..700","control.propagated_oscillation","TIC-702"
"SIG-0178","ns=2;s=Plant.ControlLoops.TIC-702.OP","OP — Temperatura de retorno da água","Demanda calculada pelo controlador para referência de velocidade dos ventiladores.","UTIL","Água de resfriamento, ar e nitrogênio","TIC-702","Temperatura de retorno da água","control_loop","TIC-702","cpm.op","number","%","10","0..100","control.propagated_oscillation","TIC-702"
"SIG-0179","ns=2;s=Plant.ControlLoops.TIC-702.MODE","Modo — Temperatura de retorno da água","Modo efetivo do controlador: automático, manual, cascata ou remoto.","UTIL","Água de resfriamento, ar e nitrogênio","TIC-702","Temperatura de retorno da água","control_loop","TIC-702","cpm.mode","string","state","10","AUTO|MAN|CAS|REMOTE","control.propagated_oscillation","TIC-702"
"SIG-0180","ns=2;s=Plant.ControlLoops.TIC-702.MVFB","Resposta do elemento final — Temperatura de retorno da água","Resposta física medida do elemento final: Referência de velocidade dos ventiladores.","UTIL","Água de resfriamento, ar e nitrogênio","TIC-702","Temperatura de retorno da água","control_loop","TIC-702","","number","%","10","0..100","control.propagated_oscillation","TIC-702"
"SIG-0181","ns=2;s=Plant.ControlLoops.PIC-703.PV","PV — Pressão do ar de instrumentos","Variável de processo medida: Pressão do cabeçalho de ar de instrumentos.","UTIL","Água de resfriamento, ar e nitrogênio","PIC-703","Pressão do ar de instrumentos","control_loop","PIC-703","cpm.pv","number","bar","30","0..250","data.communication_loss","PIC-703"
"SIG-0182","ns=2;s=Plant.ControlLoops.PIC-703.SP","SP — Pressão do ar de instrumentos","Referência operacional ou supervisória para pressão do cabeçalho de ar de instrumentos.","UTIL","Água de resfriamento, ar e nitrogênio","PIC-703","Pressão do ar de instrumentos","control_loop","PIC-703","cpm.sp","number","bar","30","0..250","data.communication_loss","PIC-703"
"SIG-0183","ns=2;s=Plant.ControlLoops.PIC-703.OP","OP — Pressão do ar de instrumentos","Demanda calculada pelo controlador para demanda de carga dos compressores.","UTIL","Água de resfriamento, ar e nitrogênio","PIC-703","Pressão do ar de instrumentos","control_loop","PIC-703","cpm.op","number","%","10","0..100","data.communication_loss","PIC-703"
"SIG-0184","ns=2;s=Plant.ControlLoops.PIC-703.MODE","Modo — Pressão do ar de instrumentos","Modo efetivo do controlador: automático, manual, cascata ou remoto.","UTIL","Água de resfriamento, ar e nitrogênio","PIC-703","Pressão do ar de instrumentos","control_loop","PIC-703","cpm.mode","string","state","10","AUTO|MAN|CAS|REMOTE","data.communication_loss","PIC-703"
"SIG-0185","ns=2;s=Plant.ControlLoops.PIC-703.MVFB","Resposta do elemento final — Pressão do ar de instrumentos","Resposta física medida do elemento final: Demanda de carga dos compressores.","UTIL","Água de resfriamento, ar e nitrogênio","PIC-703","Pressão do ar de instrumentos","control_loop","PIC-703","","number","%","10","0..100","data.communication_loss","PIC-703"
"SIG-0186","ns=2;s=Plant.ControlLoops.PIC-704.PV","PV — Pressão da rede de nitrogênio","Variável de processo medida: Pressão do cabeçalho de nitrogênio.","UTIL","Água de resfriamento, ar e nitrogênio","PIC-704","Pressão da rede de nitrogênio","control_loop","PIC-704","cpm.pv","number","bar","30","0..250","normal.steady","PIC-704"
"SIG-0187","ns=2;s=Plant.ControlLoops.PIC-704.SP","SP — Pressão da rede de nitrogênio","Referência operacional ou supervisória para pressão do cabeçalho de nitrogênio.","UTIL","Água de resfriamento, ar e nitrogênio","PIC-704","Pressão da rede de nitrogênio","control_loop","PIC-704","cpm.sp","number","bar","30","0..250","normal.steady","PIC-704"
"SIG-0188","ns=2;s=Plant.ControlLoops.PIC-704.OP","OP — Pressão da rede de nitrogênio","Demanda calculada pelo controlador para referência de produção de nitrogênio.","UTIL","Água de resfriamento, ar e nitrogênio","PIC-704","Pressão da rede de nitrogênio","control_loop","PIC-704","cpm.op","number","%","10","0..100","normal.steady","PIC-704"
"SIG-0189","ns=2;s=Plant.ControlLoops.PIC-704.MODE","Modo — Pressão da rede de nitrogênio","Modo efetivo do controlador: automático, manual, cascata ou remoto.","UTIL","Água de resfriamento, ar e nitrogênio","PIC-704","Pressão da rede de nitrogênio","control_loop","PIC-704","cpm.mode","string","state","10","AUTO|MAN|CAS|REMOTE","normal.steady","PIC-704"
"SIG-0190","ns=2;s=Plant.ControlLoops.PIC-704.MVFB","Resposta do elemento final — Pressão da rede de nitrogênio","Resposta física medida do elemento final: Referência de produção de nitrogênio.","UTIL","Água de resfriamento, ar e nitrogênio","PIC-704","Pressão da rede de nitrogênio","control_loop","PIC-704","","number","%","10","0..100","normal.steady","PIC-704"
"SIG-0191","ns=2;s=Plant.ControlLoops.AIC-705.PV","PV — Condutividade da água de resfriamento","Variável de processo medida: Condutividade da água circulante.","UTIL","Água de resfriamento, ar e nitrogênio","AIC-705","Condutividade da água de resfriamento","control_loop","AIC-705","cpm.pv","number","µS/cm","30","0..10000","sensor.frozen","AIC-705"
"SIG-0192","ns=2;s=Plant.ControlLoops.AIC-705.SP","SP — Condutividade da água de resfriamento","Referência operacional ou supervisória para condutividade da água circulante.","UTIL","Água de resfriamento, ar e nitrogênio","AIC-705","Condutividade da água de resfriamento","control_loop","AIC-705","cpm.sp","number","µS/cm","30","0..10000","sensor.frozen","AIC-705"
"SIG-0193","ns=2;s=Plant.ControlLoops.AIC-705.OP","OP — Condutividade da água de resfriamento","Demanda calculada pelo controlador para posição da válvula de purga.","UTIL","Água de resfriamento, ar e nitrogênio","AIC-705","Condutividade da água de resfriamento","control_loop","AIC-705","cpm.op","number","%","10","0..100","sensor.frozen","AIC-705"
"SIG-0194","ns=2;s=Plant.ControlLoops.AIC-705.MODE","Modo — Condutividade da água de resfriamento","Modo efetivo do controlador: automático, manual, cascata ou remoto.","UTIL","Água de resfriamento, ar e nitrogênio","AIC-705","Condutividade da água de resfriamento","control_loop","AIC-705","cpm.mode","string","state","10","AUTO|MAN|CAS|REMOTE","sensor.frozen","AIC-705"
"SIG-0195","ns=2;s=Plant.ControlLoops.AIC-705.MVFB","Resposta do elemento final — Condutividade da água de resfriamento","Resposta física medida do elemento final: Posição da válvula de purga.","UTIL","Água de resfriamento, ar e nitrogênio","AIC-705","Condutividade da água de resfriamento","control_loop","AIC-705","cpm.valve_position","number","%","10","0..100","sensor.frozen","AIC-705"
"SIG-0196","ns=2;s=Plant.ControlLoops.LIC-801.PV","PV — Nível do tanque de petróleo","Variável de processo medida: Nível do tanque de petróleo.","TANK","Tanques e mistura","LIC-801","Nível do tanque de petróleo","control_loop","LIC-801","cpm.pv","number","%","30","0..100","normal.steady","LIC-801"
"SIG-0197","ns=2;s=Plant.ControlLoops.LIC-801.SP","SP — Nível do tanque de petróleo","Referência operacional ou supervisória para nível do tanque de petróleo.","TANK","Tanques e mistura","LIC-801","Nível do tanque de petróleo","control_loop","LIC-801","cpm.sp","number","%","30","0..100","normal.steady","LIC-801"
"SIG-0198","ns=2;s=Plant.ControlLoops.LIC-801.OP","OP — Nível do tanque de petróleo","Demanda calculada pelo controlador para velocidade da bomba de transferência.","TANK","Tanques e mistura","LIC-801","Nível do tanque de petróleo","control_loop","LIC-801","cpm.op","number","%","10","0..100","normal.steady","LIC-801"
"SIG-0199","ns=2;s=Plant.ControlLoops.LIC-801.MODE","Modo — Nível do tanque de petróleo","Modo efetivo do controlador: automático, manual, cascata ou remoto.","TANK","Tanques e mistura","LIC-801","Nível do tanque de petróleo","control_loop","LIC-801","cpm.mode","string","state","10","AUTO|MAN|CAS|REMOTE","normal.steady","LIC-801"
"SIG-0200","ns=2;s=Plant.ControlLoops.LIC-801.MVFB","Resposta do elemento final — Nível do tanque de petróleo","Resposta física medida do elemento final: Velocidade da bomba de transferência.","TANK","Tanques e mistura","LIC-801","Nível do tanque de petróleo","control_loop","LIC-801","","number","%","10","0..100","normal.steady","LIC-801"
"SIG-0201","ns=2;s=Plant.ControlLoops.LIC-802.PV","PV — Nível do tanque de produto","Variável de processo medida: Nível do tanque de produto.","TANK","Tanques e mistura","LIC-802","Nível do tanque de produto","control_loop","LIC-802","cpm.pv","number","%","30","0..100","operations.manual","LIC-802"
"SIG-0202","ns=2;s=Plant.ControlLoops.LIC-802.SP","SP — Nível do tanque de produto","Referência operacional ou supervisória para nível do tanque de produto.","TANK","Tanques e mistura","LIC-802","Nível do tanque de produto","control_loop","LIC-802","cpm.sp","number","%","30","0..100","operations.manual","LIC-802"
"SIG-0203","ns=2;s=Plant.ControlLoops.LIC-802.OP","OP — Nível do tanque de produto","Demanda calculada pelo controlador para posição da válvula de transferência.","TANK","Tanques e mistura","LIC-802","Nível do tanque de produto","control_loop","LIC-802","cpm.op","number","%","10","0..100","operations.manual","LIC-802"
"SIG-0204","ns=2;s=Plant.ControlLoops.LIC-802.MODE","Modo — Nível do tanque de produto","Modo efetivo do controlador: automático, manual, cascata ou remoto.","TANK","Tanques e mistura","LIC-802","Nível do tanque de produto","control_loop","LIC-802","cpm.mode","string","state","10","AUTO|MAN|CAS|REMOTE","operations.manual","LIC-802"
"SIG-0205","ns=2;s=Plant.ControlLoops.LIC-802.MVFB","Resposta do elemento final — Nível do tanque de produto","Resposta física medida do elemento final: Posição da válvula de transferência.","TANK","Tanques e mistura","LIC-802","Nível do tanque de produto","control_loop","LIC-802","cpm.valve_position","number","%","10","0..100","operations.manual","LIC-802"
"SIG-0206","ns=2;s=Plant.ControlLoops.FIC-803.PV","PV — Vazão do componente de mistura","Variável de processo medida: Vazão do componente de mistura.","TANK","Tanques e mistura","FIC-803","Vazão do componente de mistura","control_loop","FIC-803","cpm.pv","number","m³/h","30","0..1000","valve.stiction","FIC-803"
"SIG-0207","ns=2;s=Plant.ControlLoops.FIC-803.SP","SP — Vazão do componente de mistura","Referência operacional ou supervisória para vazão do componente de mistura.","TANK","Tanques e mistura","FIC-803","Vazão do componente de mistura","control_loop","FIC-803","cpm.sp","number","m³/h","30","0..1000","valve.stiction","FIC-803"
"SIG-0208","ns=2;s=Plant.ControlLoops.FIC-803.OP","OP — Vazão do componente de mistura","Demanda calculada pelo controlador para posição da válvula do componente.","TANK","Tanques e mistura","FIC-803","Vazão do componente de mistura","control_loop","FIC-803","cpm.op","number","%","10","0..100","valve.stiction","FIC-803"
"SIG-0209","ns=2;s=Plant.ControlLoops.FIC-803.MODE","Modo — Vazão do componente de mistura","Modo efetivo do controlador: automático, manual, cascata ou remoto.","TANK","Tanques e mistura","FIC-803","Vazão do componente de mistura","control_loop","FIC-803","cpm.mode","string","state","10","AUTO|MAN|CAS|REMOTE","valve.stiction","FIC-803"
"SIG-0210","ns=2;s=Plant.ControlLoops.FIC-803.MVFB","Resposta do elemento final — Vazão do componente de mistura","Resposta física medida do elemento final: Posição da válvula do componente.","TANK","Tanques e mistura","FIC-803","Vazão do componente de mistura","control_loop","FIC-803","cpm.valve_position","number","%","10","0..100","valve.stiction","FIC-803"
"SIG-0211","ns=2;s=Plant.ControlLoops.AIC-804.PV","PV — Qualidade da mistura","Variável de processo medida: Índice de qualidade estimado da mistura.","TANK","Tanques e mistura","AIC-804","Qualidade da mistura","control_loop","AIC-804","cpm.pv","number","index","30","0..100","sensor.noise","AIC-804"
"SIG-0212","ns=2;s=Plant.ControlLoops.AIC-804.SP","SP — Qualidade da mistura","Referência operacional ou supervisória para índice de qualidade estimado da mistura.","TANK","Tanques e mistura","AIC-804","Qualidade da mistura","control_loop","AIC-804","cpm.sp","number","index","30","0..100","sensor.noise","AIC-804"
"SIG-0213","ns=2;s=Plant.ControlLoops.AIC-804.OP","OP — Qualidade da mistura","Demanda calculada pelo controlador para bias das razões de componentes.","TANK","Tanques e mistura","AIC-804","Qualidade da mistura","control_loop","AIC-804","cpm.op","number","%","10","0..100","sensor.noise","AIC-804"
"SIG-0214","ns=2;s=Plant.ControlLoops.AIC-804.MODE","Modo — Qualidade da mistura","Modo efetivo do controlador: automático, manual, cascata ou remoto.","TANK","Tanques e mistura","AIC-804","Qualidade da mistura","control_loop","AIC-804","cpm.mode","string","state","10","AUTO|MAN|CAS|REMOTE","sensor.noise","AIC-804"
"SIG-0215","ns=2;s=Plant.ControlLoops.AIC-804.MVFB","Resposta do elemento final — Qualidade da mistura","Resposta física medida do elemento final: Bias das razões de componentes.","TANK","Tanques e mistura","AIC-804","Qualidade da mistura","control_loop","AIC-804","","number","%","10","0..100","sensor.noise","AIC-804"
"SIG-0216","ns=2;s=Plant.ControlLoops.FIC-901.PV","PV — Vazão de efluente para tratamento","Variável de processo medida: Vazão de efluente para a estação.","WWT","Tratamento de efluentes","FIC-901","Vazão de efluente para tratamento","control_loop","FIC-901","cpm.pv","number","m³/h","30","0..1000","operations.setpoint_activity","FIC-901"
"SIG-0217","ns=2;s=Plant.ControlLoops.FIC-901.SP","SP — Vazão de efluente para tratamento","Referência operacional ou supervisória para vazão de efluente para a estação.","WWT","Tratamento de efluentes","FIC-901","Vazão de efluente para tratamento","control_loop","FIC-901","cpm.sp","number","m³/h","30","0..1000","operations.setpoint_activity","FIC-901"
"SIG-0218","ns=2;s=Plant.ControlLoops.FIC-901.OP","OP — Vazão de efluente para tratamento","Demanda calculada pelo controlador para referência de velocidade da bomba de entrada.","WWT","Tratamento de efluentes","FIC-901","Vazão de efluente para tratamento","control_loop","FIC-901","cpm.op","number","%","10","0..100","operations.setpoint_activity","FIC-901"
"SIG-0219","ns=2;s=Plant.ControlLoops.FIC-901.MODE","Modo — Vazão de efluente para tratamento","Modo efetivo do controlador: automático, manual, cascata ou remoto.","WWT","Tratamento de efluentes","FIC-901","Vazão de efluente para tratamento","control_loop","FIC-901","cpm.mode","string","state","10","AUTO|MAN|CAS|REMOTE","operations.setpoint_activity","FIC-901"
"SIG-0220","ns=2;s=Plant.ControlLoops.FIC-901.MVFB","Resposta do elemento final — Vazão de efluente para tratamento","Resposta física medida do elemento final: Referência de velocidade da bomba de entrada.","WWT","Tratamento de efluentes","FIC-901","Vazão de efluente para tratamento","control_loop","FIC-901","","number","%","10","0..100","operations.setpoint_activity","FIC-901"
"SIG-0221","ns=2;s=Plant.ControlLoops.LIC-902.PV","PV — Nível do tanque de equalização","Variável de processo medida: Nível do tanque de equalização.","WWT","Tratamento de efluentes","LIC-902","Nível do tanque de equalização","control_loop","LIC-902","cpm.pv","number","%","30","0..100","process.interaction","LIC-902"
"SIG-0222","ns=2;s=Plant.ControlLoops.LIC-902.SP","SP — Nível do tanque de equalização","Referência operacional ou supervisória para nível do tanque de equalização.","WWT","Tratamento de efluentes","LIC-902","Nível do tanque de equalização","control_loop","LIC-902","cpm.sp","number","%","30","0..100","process.interaction","LIC-902"
"SIG-0223","ns=2;s=Plant.ControlLoops.LIC-902.OP","OP — Nível do tanque de equalização","Demanda calculada pelo controlador para velocidade da bomba de saída.","WWT","Tratamento de efluentes","LIC-902","Nível do tanque de equalização","control_loop","LIC-902","cpm.op","number","%","10","0..100","process.interaction","LIC-902"
"SIG-0224","ns=2;s=Plant.ControlLoops.LIC-902.MODE","Modo — Nível do tanque de equalização","Modo efetivo do controlador: automático, manual, cascata ou remoto.","WWT","Tratamento de efluentes","LIC-902","Nível do tanque de equalização","control_loop","LIC-902","cpm.mode","string","state","10","AUTO|MAN|CAS|REMOTE","process.interaction","LIC-902"
"SIG-0225","ns=2;s=Plant.ControlLoops.LIC-902.MVFB","Resposta do elemento final — Nível do tanque de equalização","Resposta física medida do elemento final: Velocidade da bomba de saída.","WWT","Tratamento de efluentes","LIC-902","Nível do tanque de equalização","control_loop","LIC-902","","number","%","10","0..100","process.interaction","LIC-902"
"SIG-0226","ns=2;s=Plant.ControlLoops.AIC-903.PV","PV — pH do efluente tratado","Variável de processo medida: pH do efluente tratado.","WWT","Tratamento de efluentes","AIC-903","pH do efluente tratado","control_loop","AIC-903","cpm.pv","number","pH","30","0..14","sensor.drift","AIC-903"
"SIG-0227","ns=2;s=Plant.ControlLoops.AIC-903.SP","SP — pH do efluente tratado","Referência operacional ou supervisória para ph do efluente tratado.","WWT","Tratamento de efluentes","AIC-903","pH do efluente tratado","control_loop","AIC-903","cpm.sp","number","pH","30","0..14","sensor.drift","AIC-903"
"SIG-0228","ns=2;s=Plant.ControlLoops.AIC-903.OP","OP — pH do efluente tratado","Demanda calculada pelo controlador para demanda combinada de ácido e soda.","WWT","Tratamento de efluentes","AIC-903","pH do efluente tratado","control_loop","AIC-903","cpm.op","number","%","10","0..100","sensor.drift","AIC-903"
"SIG-0229","ns=2;s=Plant.ControlLoops.AIC-903.MODE","Modo — pH do efluente tratado","Modo efetivo do controlador: automático, manual, cascata ou remoto.","WWT","Tratamento de efluentes","AIC-903","pH do efluente tratado","control_loop","AIC-903","cpm.mode","string","state","10","AUTO|MAN|CAS|REMOTE","sensor.drift","AIC-903"
"SIG-0230","ns=2;s=Plant.ControlLoops.AIC-903.MVFB","Resposta do elemento final — pH do efluente tratado","Resposta física medida do elemento final: Demanda combinada de ácido e soda.","WWT","Tratamento de efluentes","AIC-903","pH do efluente tratado","control_loop","AIC-903","","number","%","10","0..100","sensor.drift","AIC-903"
"SIG-0231","ns=2;s=Plant.ControlLoops.AIC-904.PV","PV — Carbono orgânico no efluente","Variável de processo medida: Carbono orgânico total do efluente.","WWT","Tratamento de efluentes","AIC-904","Carbono orgânico no efluente","control_loop","AIC-904","cpm.pv","number","mg/L","30","0..5000","data.irregular_cadence","AIC-904"
"SIG-0232","ns=2;s=Plant.ControlLoops.AIC-904.SP","SP — Carbono orgânico no efluente","Referência operacional ou supervisória para carbono orgânico total do efluente.","WWT","Tratamento de efluentes","AIC-904","Carbono orgânico no efluente","control_loop","AIC-904","cpm.sp","number","mg/L","30","0..5000","data.irregular_cadence","AIC-904"
"SIG-0233","ns=2;s=Plant.ControlLoops.AIC-904.OP","OP — Carbono orgânico no efluente","Demanda calculada pelo controlador para posição da válvula de desvio ou reciclo.","WWT","Tratamento de efluentes","AIC-904","Carbono orgânico no efluente","control_loop","AIC-904","cpm.op","number","%","10","0..100","data.irregular_cadence","AIC-904"
"SIG-0234","ns=2;s=Plant.ControlLoops.AIC-904.MODE","Modo — Carbono orgânico no efluente","Modo efetivo do controlador: automático, manual, cascata ou remoto.","WWT","Tratamento de efluentes","AIC-904","Carbono orgânico no efluente","control_loop","AIC-904","cpm.mode","string","state","10","AUTO|MAN|CAS|REMOTE","data.irregular_cadence","AIC-904"
"SIG-0235","ns=2;s=Plant.ControlLoops.AIC-904.MVFB","Resposta do elemento final — Carbono orgânico no efluente","Resposta física medida do elemento final: Posição da válvula de desvio ou reciclo.","WWT","Tratamento de efluentes","AIC-904","Carbono orgânico no efluente","control_loop","AIC-904","cpm.valve_position","number","%","10","0..100","data.irregular_cadence","AIC-904"
"SIG-0236","ns=2;s=Plant.ControlLoops.PIC-1001.PV","PV — Pressão do cabeçalho de flare","Variável de processo medida: Pressão do cabeçalho de flare.","FLARE","Flare e sistemas de proteção","PIC-1001","Pressão do cabeçalho de flare","control_loop","PIC-1001","cpm.pv","number","bar","30","0..250","actuator.saturation","PIC-1001"
"SIG-0237","ns=2;s=Plant.ControlLoops.PIC-1001.SP","SP — Pressão do cabeçalho de flare","Referência operacional ou supervisória para pressão do cabeçalho de flare.","FLARE","Flare e sistemas de proteção","PIC-1001","Pressão do cabeçalho de flare","control_loop","PIC-1001","cpm.sp","number","bar","30","0..250","actuator.saturation","PIC-1001"
"SIG-0238","ns=2;s=Plant.ControlLoops.PIC-1001.OP","OP — Pressão do cabeçalho de flare","Demanda calculada pelo controlador para demanda da recuperação e válvula de proteção.","FLARE","Flare e sistemas de proteção","PIC-1001","Pressão do cabeçalho de flare","control_loop","PIC-1001","cpm.op","number","%","10","0..100","actuator.saturation","PIC-1001"
"SIG-0239","ns=2;s=Plant.ControlLoops.PIC-1001.MODE","Modo — Pressão do cabeçalho de flare","Modo efetivo do controlador: automático, manual, cascata ou remoto.","FLARE","Flare e sistemas de proteção","PIC-1001","Pressão do cabeçalho de flare","control_loop","PIC-1001","cpm.mode","string","state","10","AUTO|MAN|CAS|REMOTE","actuator.saturation","PIC-1001"
"SIG-0240","ns=2;s=Plant.ControlLoops.PIC-1001.MVFB","Resposta do elemento final — Pressão do cabeçalho de flare","Resposta física medida do elemento final: Demanda da recuperação e válvula de proteção.","FLARE","Flare e sistemas de proteção","PIC-1001","Pressão do cabeçalho de flare","control_loop","PIC-1001","cpm.valve_position","number","%","10","0..100","actuator.saturation","PIC-1001"
"SIG-0241","ns=2;s=Plant.ControlLoops.LIC-1002.PV","PV — Nível do vaso separador de flare","Variável de processo medida: Nível do vaso separador de flare.","FLARE","Flare e sistemas de proteção","LIC-1002","Nível do vaso separador de flare","control_loop","LIC-1002","cpm.pv","number","%","30","0..100","data.gap","LIC-1002"
"SIG-0242","ns=2;s=Plant.ControlLoops.LIC-1002.SP","SP — Nível do vaso separador de flare","Referência operacional ou supervisória para nível do vaso separador de flare.","FLARE","Flare e sistemas de proteção","LIC-1002","Nível do vaso separador de flare","control_loop","LIC-1002","cpm.sp","number","%","30","0..100","data.gap","LIC-1002"
"SIG-0243","ns=2;s=Plant.ControlLoops.LIC-1002.OP","OP — Nível do vaso separador de flare","Demanda calculada pelo controlador para estado e velocidade da bomba de drenagem.","FLARE","Flare e sistemas de proteção","LIC-1002","Nível do vaso separador de flare","control_loop","LIC-1002","cpm.op","number","%","10","0..100","data.gap","LIC-1002"
"SIG-0244","ns=2;s=Plant.ControlLoops.LIC-1002.MODE","Modo — Nível do vaso separador de flare","Modo efetivo do controlador: automático, manual, cascata ou remoto.","FLARE","Flare e sistemas de proteção","LIC-1002","Nível do vaso separador de flare","control_loop","LIC-1002","cpm.mode","string","state","10","AUTO|MAN|CAS|REMOTE","data.gap","LIC-1002"
"SIG-0245","ns=2;s=Plant.ControlLoops.LIC-1002.MVFB","Resposta do elemento final — Nível do vaso separador de flare","Resposta física medida do elemento final: Estado e velocidade da bomba de drenagem.","FLARE","Flare e sistemas de proteção","LIC-1002","Nível do vaso separador de flare","control_loop","LIC-1002","","number","%","10","0..100","data.gap","LIC-1002"
"SIG-0246","ns=2;s=Plant.ControlLoops.FIC-1003.PV","PV — Vazão de gás de purga do flare","Variável de processo medida: Vazão de gás de purga.","FLARE","Flare e sistemas de proteção","FIC-1003","Vazão de gás de purga do flare","control_loop","FIC-1003","cpm.pv","number","Nm³/h","30","0..100000","normal.steady","FIC-1003"
"SIG-0247","ns=2;s=Plant.ControlLoops.FIC-1003.SP","SP — Vazão de gás de purga do flare","Referência operacional ou supervisória para vazão de gás de purga.","FLARE","Flare e sistemas de proteção","FIC-1003","Vazão de gás de purga do flare","control_loop","FIC-1003","cpm.sp","number","Nm³/h","30","0..100000","normal.steady","FIC-1003"
"SIG-0248","ns=2;s=Plant.ControlLoops.FIC-1003.OP","OP — Vazão de gás de purga do flare","Demanda calculada pelo controlador para posição da válvula de purga.","FLARE","Flare e sistemas de proteção","FIC-1003","Vazão de gás de purga do flare","control_loop","FIC-1003","cpm.op","number","%","10","0..100","normal.steady","FIC-1003"
"SIG-0249","ns=2;s=Plant.ControlLoops.FIC-1003.MODE","Modo — Vazão de gás de purga do flare","Modo efetivo do controlador: automático, manual, cascata ou remoto.","FLARE","Flare e sistemas de proteção","FIC-1003","Vazão de gás de purga do flare","control_loop","FIC-1003","cpm.mode","string","state","10","AUTO|MAN|CAS|REMOTE","normal.steady","FIC-1003"
"SIG-0250","ns=2;s=Plant.ControlLoops.FIC-1003.MVFB","Resposta do elemento final — Vazão de gás de purga do flare","Resposta física medida do elemento final: Posição da válvula de purga.","FLARE","Flare e sistemas de proteção","FIC-1003","Vazão de gás de purga do flare","control_loop","FIC-1003","cpm.valve_position","number","%","10","0..100","normal.steady","FIC-1003"
"SIG-0251","ns=2;s=Plant.Areas.FEED.Equipment.FH-101.PRESSURE","Pressão — Cabeçalho de carga","Pressão de contexto do equipamento Cabeçalho de carga. Balanço entre oferta e demanda da rede.","FEED","Alimentação e pré-aquecimento","FH-101","Cabeçalho de carga","plant_context","","","number","bar","30","0..100","Balanço entre oferta e demanda da rede.","FIC-101;PIC-102;LIC-103;TIC-104;AIC-105"
"SIG-0252","ns=2;s=Plant.Areas.FEED.Equipment.FH-101.TEMPERATURE","Temperatura — Cabeçalho de carga","Temperatura de contexto do equipamento Cabeçalho de carga. Condição térmica compartilhada pelos consumidores.","FEED","Alimentação e pré-aquecimento","FH-101","Cabeçalho de carga","plant_context","","","number","°C","60","-20..550","Condição térmica compartilhada pelos consumidores.","FIC-101;PIC-102;LIC-103;TIC-104;AIC-105"
"SIG-0253","ns=2;s=Plant.Areas.FEED.Equipment.FH-101.FLOW","Vazão total — Cabeçalho de carga","Vazão total de contexto do equipamento Cabeçalho de carga. Carga total transportada pelo cabeçalho.","FEED","Alimentação e pré-aquecimento","FH-101","Cabeçalho de carga","plant_context","","","number","t/h","30","0..1000","Carga total transportada pelo cabeçalho.","FIC-101;PIC-102;LIC-103;TIC-104;AIC-105"
"SIG-0254","ns=2;s=Plant.Areas.FEED.Equipment.FH-101.DEMAND","Demanda estimada — Cabeçalho de carga","Demanda estimada de contexto do equipamento Cabeçalho de carga. Demanda agregada dos consumidores conectados.","FEED","Alimentação e pré-aquecimento","FH-101","Cabeçalho de carga","plant_context","","","number","%","60","0..100","Demanda agregada dos consumidores conectados.","FIC-101;PIC-102;LIC-103;TIC-104;AIC-105"
"SIG-0255","ns=2;s=Plant.Areas.FEED.Equipment.FH-101.STATUS","Estado operacional — Cabeçalho de carga","Estado operacional de contexto do equipamento Cabeçalho de carga. Estado factual calculado para o cabeçalho.","FEED","Alimentação e pré-aquecimento","FH-101","Cabeçalho de carga","plant_context","","","string","state","30","NORMAL|LIMITED|UNAVAILABLE","Estado factual calculado para o cabeçalho.","FIC-101;PIC-102;LIC-103;TIC-104;AIC-105"
"SIG-0256","ns=2;s=Plant.Areas.FEED.Equipment.P-101.SUCTION_PRESSURE","Pressão de sucção — Bomba de carga","Pressão de sucção de contexto do equipamento Bomba de carga. Condição hidráulica na sucção da bomba.","FEED","Alimentação e pré-aquecimento","P-101","Bomba de carga","plant_context","","","number","bar","30","0..30","Condição hidráulica na sucção da bomba.","FIC-101;PIC-102;LIC-103;TIC-104;AIC-105"
"SIG-0257","ns=2;s=Plant.Areas.FEED.Equipment.P-101.DISCHARGE_PRESSURE","Pressão de descarga — Bomba de carga","Pressão de descarga de contexto do equipamento Bomba de carga. Pressão entregue pela bomba.","FEED","Alimentação e pré-aquecimento","P-101","Bomba de carga","plant_context","","","number","bar","30","0..80","Pressão entregue pela bomba.","FIC-101;PIC-102;LIC-103;TIC-104;AIC-105"
"SIG-0258","ns=2;s=Plant.Areas.FEED.Equipment.P-101.MOTOR_CURRENT","Corrente do motor — Bomba de carga","Corrente do motor de contexto do equipamento Bomba de carga. Carga elétrica associada ao esforço da bomba.","FEED","Alimentação e pré-aquecimento","P-101","Bomba de carga","plant_context","","","number","A","10","0..500","Carga elétrica associada ao esforço da bomba.","FIC-101;PIC-102;LIC-103;TIC-104;AIC-105"
"SIG-0259","ns=2;s=Plant.Areas.FEED.Equipment.P-101.BEARING_VIBRATION","Vibração do mancal — Bomba de carga","Vibração do mancal de contexto do equipamento Bomba de carga. Condição mecânica do conjunto rotativo.","FEED","Alimentação e pré-aquecimento","P-101","Bomba de carga","plant_context","","","number","mm/s","10","0..25","Condição mecânica do conjunto rotativo.","FIC-101;PIC-102;LIC-103;TIC-104;AIC-105"
"SIG-0260","ns=2;s=Plant.Areas.FEED.Equipment.P-101.RUNNING","Estado de operação — Bomba de carga","Estado de operação de contexto do equipamento Bomba de carga. Indica se o equipamento está em funcionamento.","FEED","Alimentação e pré-aquecimento","P-101","Bomba de carga","plant_context","","","boolean","boolean","10","true|false","Indica se o equipamento está em funcionamento.","FIC-101;PIC-102;LIC-103;TIC-104;AIC-105"
"SIG-0261","ns=2;s=Plant.Areas.FEED.Equipment.V-101.LEVEL","Nível — Dessalgadora","Nível de contexto do equipamento Dessalgadora. Inventário de líquido no vaso.","FEED","Alimentação e pré-aquecimento","V-101","Dessalgadora","plant_context","","","number","%","30","0..100","Inventário de líquido no vaso.","FIC-101;PIC-102;LIC-103;TIC-104;AIC-105"
"SIG-0262","ns=2;s=Plant.Areas.FEED.Equipment.V-101.PRESSURE","Pressão — Dessalgadora","Pressão de contexto do equipamento Dessalgadora. Pressão interna do vaso.","FEED","Alimentação e pré-aquecimento","V-101","Dessalgadora","plant_context","","","number","bar","30","0..100","Pressão interna do vaso.","FIC-101;PIC-102;LIC-103;TIC-104;AIC-105"
"SIG-0263","ns=2;s=Plant.Areas.FEED.Equipment.V-101.TEMPERATURE","Temperatura — Dessalgadora","Temperatura de contexto do equipamento Dessalgadora. Temperatura representativa do conteúdo.","FEED","Alimentação e pré-aquecimento","V-101","Dessalgadora","plant_context","","","number","°C","60","-20..450","Temperatura representativa do conteúdo.","FIC-101;PIC-102;LIC-103;TIC-104;AIC-105"
"SIG-0264","ns=2;s=Plant.Areas.FEED.Equipment.V-101.INLET_FLOW","Vazão de entrada — Dessalgadora","Vazão de entrada de contexto do equipamento Dessalgadora. Carga de entrada que perturba o inventário.","FEED","Alimentação e pré-aquecimento","V-101","Dessalgadora","plant_context","","","number","m³/h","30","0..500","Carga de entrada que perturba o inventário.","FIC-101;PIC-102;LIC-103;TIC-104;AIC-105"
"SIG-0265","ns=2;s=Plant.Areas.FEED.Equipment.V-101.STATUS","Estado operacional — Dessalgadora","Estado operacional de contexto do equipamento Dessalgadora. Estado factual do vaso.","FEED","Alimentação e pré-aquecimento","V-101","Dessalgadora","plant_context","","","string","state","30","NORMAL|LIMITED|UNAVAILABLE","Estado factual do vaso.","FIC-101;PIC-102;LIC-103;TIC-104;AIC-105"
"SIG-0266","ns=2;s=Plant.Areas.FEED.Equipment.E-101.INLET_TEMPERATURE","Temperatura de entrada — Trem de pré-aquecimento","Temperatura de entrada de contexto do equipamento Trem de pré-aquecimento. Temperatura da corrente antes da troca térmica.","FEED","Alimentação e pré-aquecimento","E-101","Trem de pré-aquecimento","plant_context","","","number","°C","30","-20..550","Temperatura da corrente antes da troca térmica.","FIC-101;PIC-102;LIC-103;TIC-104;AIC-105"
"SIG-0267","ns=2;s=Plant.Areas.FEED.Equipment.E-101.OUTLET_TEMPERATURE","Temperatura de saída — Trem de pré-aquecimento","Temperatura de saída de contexto do equipamento Trem de pré-aquecimento. Temperatura da corrente após a troca térmica.","FEED","Alimentação e pré-aquecimento","E-101","Trem de pré-aquecimento","plant_context","","","number","°C","30","-20..550","Temperatura da corrente após a troca térmica.","FIC-101;PIC-102;LIC-103;TIC-104;AIC-105"
"SIG-0268","ns=2;s=Plant.Areas.FEED.Equipment.E-101.DUTY","Carga térmica — Trem de pré-aquecimento","Carga térmica de contexto do equipamento Trem de pré-aquecimento. Energia transferida pelo equipamento.","FEED","Alimentação e pré-aquecimento","E-101","Trem de pré-aquecimento","plant_context","","","number","MW","60","0..200","Energia transferida pelo equipamento.","FIC-101;PIC-102;LIC-103;TIC-104;AIC-105"
"SIG-0269","ns=2;s=Plant.Areas.FEED.Equipment.E-101.DELTA_PRESSURE","Pressão diferencial — Trem de pré-aquecimento","Pressão diferencial de contexto do equipamento Trem de pré-aquecimento. Indício hidráulico de restrição ou incrustação.","FEED","Alimentação e pré-aquecimento","E-101","Trem de pré-aquecimento","plant_context","","","number","bar","60","0..10","Indício hidráulico de restrição ou incrustação.","FIC-101;PIC-102;LIC-103;TIC-104;AIC-105"
"SIG-0270","ns=2;s=Plant.Areas.FEED.Equipment.E-101.BYPASS_POSITION","Posição do bypass — Trem de pré-aquecimento","Posição do bypass de contexto do equipamento Trem de pré-aquecimento. Abertura real do caminho de desvio.","FEED","Alimentação e pré-aquecimento","E-101","Trem de pré-aquecimento","plant_context","","","number","%","30","0..100","Abertura real do caminho de desvio.","FIC-101;PIC-102;LIC-103;TIC-104;AIC-105"
"SIG-0271","ns=2;s=Plant.Areas.FEED.Equipment.AI-101.VALUE","Valor analisado — Analisador da carga","Valor analisado de contexto do equipamento Analisador da carga. Resultado principal do analisador.","FEED","Alimentação e pré-aquecimento","AI-101","Analisador da carga","plant_context","","","number","process_unit","300","process_specific","Qualidade, disponibilidade, deriva e validação de medições.","FIC-101;PIC-102;LIC-103;TIC-104;AIC-105"
"SIG-0272","ns=2;s=Plant.Areas.FEED.Equipment.AI-101.SAMPLE_FLOW","Vazão da amostra — Analisador da carga","Vazão da amostra de contexto do equipamento Analisador da carga. Vazão no sistema de condicionamento de amostra.","FEED","Alimentação e pré-aquecimento","AI-101","Analisador da carga","plant_context","","","number","L/min","60","0..20","Qualidade, disponibilidade, deriva e validação de medições.","FIC-101;PIC-102;LIC-103;TIC-104;AIC-105"
"SIG-0273","ns=2;s=Plant.Areas.FEED.Equipment.AI-101.SAMPLE_TEMPERATURE","Temperatura da amostra — Analisador da carga","Temperatura da amostra de contexto do equipamento Analisador da carga. Temperatura da amostra entregue ao analisador.","FEED","Alimentação e pré-aquecimento","AI-101","Analisador da carga","plant_context","","","number","°C","60","0..80","Qualidade, disponibilidade, deriva e validação de medições.","FIC-101;PIC-102;LIC-103;TIC-104;AIC-105"
"SIG-0274","ns=2;s=Plant.Areas.FEED.Equipment.AI-101.DATA_QUALITY","Qualidade analítica — Analisador da carga","Qualidade analítica de contexto do equipamento Analisador da carga. Indicador interno de validade da análise.","FEED","Alimentação e pré-aquecimento","AI-101","Analisador da carga","plant_context","","","number","%","300","0..100","Qualidade, disponibilidade, deriva e validação de medições.","FIC-101;PIC-102;LIC-103;TIC-104;AIC-105"
"SIG-0275","ns=2;s=Plant.Areas.FEED.Equipment.AI-101.STATUS","Estado do analisador — Analisador da carga","Estado do analisador de contexto do equipamento Analisador da carga. Estado operacional do instrumento analítico.","FEED","Alimentação e pré-aquecimento","AI-101","Analisador da carga","plant_context","","","string","state","60","ONLINE|CALIBRATION|FAULT","Qualidade, disponibilidade, deriva e validação de medições.","FIC-101;PIC-102;LIC-103;TIC-104;AIC-105"
"SIG-0276","ns=2;s=Plant.Areas.DIST.Equipment.C-201.TOP_TEMPERATURE","Temperatura do topo — Coluna atmosférica","Temperatura do topo de contexto do equipamento Coluna atmosférica. Temperatura da região superior da coluna.","DIST","Destilação","C-201","Coluna atmosférica","plant_context","","","number","°C","30","0..400","Temperatura da região superior da coluna.","FIC-201;PIC-202;TIC-203;TIC-204;LIC-205;FIC-206;FIC-207;LIC-208"
"SIG-0277","ns=2;s=Plant.Areas.DIST.Equipment.C-201.BOTTOM_TEMPERATURE","Temperatura do fundo — Coluna atmosférica","Temperatura do fundo de contexto do equipamento Coluna atmosférica. Temperatura da região inferior da coluna.","DIST","Destilação","C-201","Coluna atmosférica","plant_context","","","number","°C","30","0..500","Temperatura da região inferior da coluna.","FIC-201;PIC-202;TIC-203;TIC-204;LIC-205;FIC-206;FIC-207;LIC-208"
"SIG-0278","ns=2;s=Plant.Areas.DIST.Equipment.C-201.PRESSURE","Pressão média — Coluna atmosférica","Pressão média de contexto do equipamento Coluna atmosférica. Pressão representativa da coluna.","DIST","Destilação","C-201","Coluna atmosférica","plant_context","","","number","bar","30","0..30","Pressão representativa da coluna.","FIC-201;PIC-202;TIC-203;TIC-204;LIC-205;FIC-206;FIC-207;LIC-208"
"SIG-0279","ns=2;s=Plant.Areas.DIST.Equipment.C-201.DELTA_PRESSURE","Pressão diferencial — Coluna atmosférica","Pressão diferencial de contexto do equipamento Coluna atmosférica. Carga hidráulica e condição interna da coluna.","DIST","Destilação","C-201","Coluna atmosférica","plant_context","","","number","bar","30","0..10","Carga hidráulica e condição interna da coluna.","FIC-201;PIC-202;TIC-203;TIC-204;LIC-205;FIC-206;FIC-207;LIC-208"
"SIG-0280","ns=2;s=Plant.Areas.DIST.Equipment.C-201.FEED_RATE","Carga da coluna — Coluna atmosférica","Carga da coluna de contexto do equipamento Coluna atmosférica. Vazão total alimentada à coluna.","DIST","Destilação","C-201","Coluna atmosférica","plant_context","","","number","m³/h","30","0..1000","Vazão total alimentada à coluna.","FIC-201;PIC-202;TIC-203;TIC-204;LIC-205;FIC-206;FIC-207;LIC-208"
"SIG-0281","ns=2;s=Plant.Areas.DIST.Equipment.C-202.TOP_TEMPERATURE","Temperatura do topo — Coluna de pré-flash","Temperatura do topo de contexto do equipamento Coluna de pré-flash. Temperatura da região superior da coluna.","DIST","Destilação","C-202","Coluna de pré-flash","plant_context","","","number","°C","30","0..400","Temperatura da região superior da coluna.","FIC-201;PIC-202;TIC-203;TIC-204;LIC-205;FIC-206;FIC-207;LIC-208"
"SIG-0282","ns=2;s=Plant.Areas.DIST.Equipment.C-202.BOTTOM_TEMPERATURE","Temperatura do fundo — Coluna de pré-flash","Temperatura do fundo de contexto do equipamento Coluna de pré-flash. Temperatura da região inferior da coluna.","DIST","Destilação","C-202","Coluna de pré-flash","plant_context","","","number","°C","30","0..500","Temperatura da região inferior da coluna.","FIC-201;PIC-202;TIC-203;TIC-204;LIC-205;FIC-206;FIC-207;LIC-208"
"SIG-0283","ns=2;s=Plant.Areas.DIST.Equipment.C-202.PRESSURE","Pressão média — Coluna de pré-flash","Pressão média de contexto do equipamento Coluna de pré-flash. Pressão representativa da coluna.","DIST","Destilação","C-202","Coluna de pré-flash","plant_context","","","number","bar","30","0..30","Pressão representativa da coluna.","FIC-201;PIC-202;TIC-203;TIC-204;LIC-205;FIC-206;FIC-207;LIC-208"
"SIG-0284","ns=2;s=Plant.Areas.DIST.Equipment.C-202.DELTA_PRESSURE","Pressão diferencial — Coluna de pré-flash","Pressão diferencial de contexto do equipamento Coluna de pré-flash. Carga hidráulica e condição interna da coluna.","DIST","Destilação","C-202","Coluna de pré-flash","plant_context","","","number","bar","30","0..10","Carga hidráulica e condição interna da coluna.","FIC-201;PIC-202;TIC-203;TIC-204;LIC-205;FIC-206;FIC-207;LIC-208"
"SIG-0285","ns=2;s=Plant.Areas.DIST.Equipment.C-202.FEED_RATE","Carga da coluna — Coluna de pré-flash","Carga da coluna de contexto do equipamento Coluna de pré-flash. Vazão total alimentada à coluna.","DIST","Destilação","C-202","Coluna de pré-flash","plant_context","","","number","m³/h","30","0..1000","Vazão total alimentada à coluna.","FIC-201;PIC-202;TIC-203;TIC-204;LIC-205;FIC-206;FIC-207;LIC-208"
"SIG-0286","ns=2;s=Plant.Areas.DIST.Equipment.V-201.LEVEL","Nível — Vaso de topo","Nível de contexto do equipamento Vaso de topo. Inventário de líquido no vaso.","DIST","Destilação","V-201","Vaso de topo","plant_context","","","number","%","30","0..100","Inventário de líquido no vaso.","FIC-201;PIC-202;TIC-203;TIC-204;LIC-205;FIC-206;FIC-207;LIC-208"
"SIG-0287","ns=2;s=Plant.Areas.DIST.Equipment.V-201.PRESSURE","Pressão — Vaso de topo","Pressão de contexto do equipamento Vaso de topo. Pressão interna do vaso.","DIST","Destilação","V-201","Vaso de topo","plant_context","","","number","bar","30","0..100","Pressão interna do vaso.","FIC-201;PIC-202;TIC-203;TIC-204;LIC-205;FIC-206;FIC-207;LIC-208"
"SIG-0288","ns=2;s=Plant.Areas.DIST.Equipment.V-201.TEMPERATURE","Temperatura — Vaso de topo","Temperatura de contexto do equipamento Vaso de topo. Temperatura representativa do conteúdo.","DIST","Destilação","V-201","Vaso de topo","plant_context","","","number","°C","60","-20..450","Temperatura representativa do conteúdo.","FIC-201;PIC-202;TIC-203;TIC-204;LIC-205;FIC-206;FIC-207;LIC-208"
"SIG-0289","ns=2;s=Plant.Areas.DIST.Equipment.V-201.INLET_FLOW","Vazão de entrada — Vaso de topo","Vazão de entrada de contexto do equipamento Vaso de topo. Carga de entrada que perturba o inventário.","DIST","Destilação","V-201","Vaso de topo","plant_context","","","number","m³/h","30","0..500","Carga de entrada que perturba o inventário.","FIC-201;PIC-202;TIC-203;TIC-204;LIC-205;FIC-206;FIC-207;LIC-208"
"SIG-0290","ns=2;s=Plant.Areas.DIST.Equipment.V-201.STATUS","Estado operacional — Vaso de topo","Estado operacional de contexto do equipamento Vaso de topo. Estado factual do vaso.","DIST","Destilação","V-201","Vaso de topo","plant_context","","","string","state","30","NORMAL|LIMITED|UNAVAILABLE","Estado factual do vaso.","FIC-201;PIC-202;TIC-203;TIC-204;LIC-205;FIC-206;FIC-207;LIC-208"
"SIG-0291","ns=2;s=Plant.Areas.DIST.Equipment.P-201.SUCTION_PRESSURE","Pressão de sucção — Bomba de refluxo","Pressão de sucção de contexto do equipamento Bomba de refluxo. Condição hidráulica na sucção da bomba.","DIST","Destilação","P-201","Bomba de refluxo","plant_context","","","number","bar","30","0..30","Condição hidráulica na sucção da bomba.","FIC-201;PIC-202;TIC-203;TIC-204;LIC-205;FIC-206;FIC-207;LIC-208"
"SIG-0292","ns=2;s=Plant.Areas.DIST.Equipment.P-201.DISCHARGE_PRESSURE","Pressão de descarga — Bomba de refluxo","Pressão de descarga de contexto do equipamento Bomba de refluxo. Pressão entregue pela bomba.","DIST","Destilação","P-201","Bomba de refluxo","plant_context","","","number","bar","30","0..80","Pressão entregue pela bomba.","FIC-201;PIC-202;TIC-203;TIC-204;LIC-205;FIC-206;FIC-207;LIC-208"
"SIG-0293","ns=2;s=Plant.Areas.DIST.Equipment.P-201.MOTOR_CURRENT","Corrente do motor — Bomba de refluxo","Corrente do motor de contexto do equipamento Bomba de refluxo. Carga elétrica associada ao esforço da bomba.","DIST","Destilação","P-201","Bomba de refluxo","plant_context","","","number","A","10","0..500","Carga elétrica associada ao esforço da bomba.","FIC-201;PIC-202;TIC-203;TIC-204;LIC-205;FIC-206;FIC-207;LIC-208"
"SIG-0294","ns=2;s=Plant.Areas.DIST.Equipment.P-201.BEARING_VIBRATION","Vibração do mancal — Bomba de refluxo","Vibração do mancal de contexto do equipamento Bomba de refluxo. Condição mecânica do conjunto rotativo.","DIST","Destilação","P-201","Bomba de refluxo","plant_context","","","number","mm/s","10","0..25","Condição mecânica do conjunto rotativo.","FIC-201;PIC-202;TIC-203;TIC-204;LIC-205;FIC-206;FIC-207;LIC-208"
"SIG-0295","ns=2;s=Plant.Areas.DIST.Equipment.P-201.RUNNING","Estado de operação — Bomba de refluxo","Estado de operação de contexto do equipamento Bomba de refluxo. Indica se o equipamento está em funcionamento.","DIST","Destilação","P-201","Bomba de refluxo","plant_context","","","boolean","boolean","10","true|false","Indica se o equipamento está em funcionamento.","FIC-201;PIC-202;TIC-203;TIC-204;LIC-205;FIC-206;FIC-207;LIC-208"
"SIG-0296","ns=2;s=Plant.Areas.DIST.Equipment.E-201.INLET_TEMPERATURE","Temperatura de entrada — Refervedor da coluna","Temperatura de entrada de contexto do equipamento Refervedor da coluna. Temperatura da corrente antes da troca térmica.","DIST","Destilação","E-201","Refervedor da coluna","plant_context","","","number","°C","30","-20..550","Temperatura da corrente antes da troca térmica.","FIC-201;PIC-202;TIC-203;TIC-204;LIC-205;FIC-206;FIC-207;LIC-208"
"SIG-0297","ns=2;s=Plant.Areas.DIST.Equipment.E-201.OUTLET_TEMPERATURE","Temperatura de saída — Refervedor da coluna","Temperatura de saída de contexto do equipamento Refervedor da coluna. Temperatura da corrente após a troca térmica.","DIST","Destilação","E-201","Refervedor da coluna","plant_context","","","number","°C","30","-20..550","Temperatura da corrente após a troca térmica.","FIC-201;PIC-202;TIC-203;TIC-204;LIC-205;FIC-206;FIC-207;LIC-208"
"SIG-0298","ns=2;s=Plant.Areas.DIST.Equipment.E-201.DUTY","Carga térmica — Refervedor da coluna","Carga térmica de contexto do equipamento Refervedor da coluna. Energia transferida pelo equipamento.","DIST","Destilação","E-201","Refervedor da coluna","plant_context","","","number","MW","60","0..200","Energia transferida pelo equipamento.","FIC-201;PIC-202;TIC-203;TIC-204;LIC-205;FIC-206;FIC-207;LIC-208"
"SIG-0299","ns=2;s=Plant.Areas.DIST.Equipment.E-201.DELTA_PRESSURE","Pressão diferencial — Refervedor da coluna","Pressão diferencial de contexto do equipamento Refervedor da coluna. Indício hidráulico de restrição ou incrustação.","DIST","Destilação","E-201","Refervedor da coluna","plant_context","","","number","bar","60","0..10","Indício hidráulico de restrição ou incrustação.","FIC-201;PIC-202;TIC-203;TIC-204;LIC-205;FIC-206;FIC-207;LIC-208"
"SIG-0300","ns=2;s=Plant.Areas.DIST.Equipment.E-201.BYPASS_POSITION","Posição do bypass — Refervedor da coluna","Posição do bypass de contexto do equipamento Refervedor da coluna. Abertura real do caminho de desvio.","DIST","Destilação","E-201","Refervedor da coluna","plant_context","","","number","%","30","0..100","Abertura real do caminho de desvio.","FIC-201;PIC-202;TIC-203;TIC-204;LIC-205;FIC-206;FIC-207;LIC-208"
"SIG-0301","ns=2;s=Plant.Areas.HDT.Equipment.R-301.INLET_TEMPERATURE","Temperatura de entrada — Reator de hidrotratamento","Temperatura de entrada de contexto do equipamento Reator de hidrotratamento. Temperatura da carga na entrada do reator.","HDT","Hidrotratamento e reação","R-301","Reator de hidrotratamento","plant_context","","","number","°C","30","0..600","Temperatura da carga na entrada do reator.","FIC-301;FRC-302;TIC-303;TIC-304;PIC-305;LIC-306;AIC-307"
"SIG-0302","ns=2;s=Plant.Areas.HDT.Equipment.R-301.OUTLET_TEMPERATURE","Temperatura de saída — Reator de hidrotratamento","Temperatura de saída de contexto do equipamento Reator de hidrotratamento. Temperatura do efluente do reator.","HDT","Hidrotratamento e reação","R-301","Reator de hidrotratamento","plant_context","","","number","°C","30","0..700","Temperatura do efluente do reator.","FIC-301;FRC-302;TIC-303;TIC-304;PIC-305;LIC-306;AIC-307"
"SIG-0303","ns=2;s=Plant.Areas.HDT.Equipment.R-301.PRESSURE","Pressão — Reator de hidrotratamento","Pressão de contexto do equipamento Reator de hidrotratamento. Pressão do sistema de reação.","HDT","Hidrotratamento e reação","R-301","Reator de hidrotratamento","plant_context","","","number","bar","30","0..250","Pressão do sistema de reação.","FIC-301;FRC-302;TIC-303;TIC-304;PIC-305;LIC-306;AIC-307"
"SIG-0304","ns=2;s=Plant.Areas.HDT.Equipment.R-301.DELTA_PRESSURE","Pressão diferencial — Reator de hidrotratamento","Pressão diferencial de contexto do equipamento Reator de hidrotratamento. Restrição hidráulica através do leito.","HDT","Hidrotratamento e reação","R-301","Reator de hidrotratamento","plant_context","","","number","bar","60","0..20","Restrição hidráulica através do leito.","FIC-301;FRC-302;TIC-303;TIC-304;PIC-305;LIC-306;AIC-307"
"SIG-0305","ns=2;s=Plant.Areas.HDT.Equipment.R-301.BED_ACTIVITY","Atividade estimada do leito — Reator de hidrotratamento","Atividade estimada do leito de contexto do equipamento Reator de hidrotratamento. Indicador contextual da atividade catalítica.","HDT","Hidrotratamento e reação","R-301","Reator de hidrotratamento","plant_context","","","number","%","300","0..100","Indicador contextual da atividade catalítica.","FIC-301;FRC-302;TIC-303;TIC-304;PIC-305;LIC-306;AIC-307"
"SIG-0306","ns=2;s=Plant.Areas.HDT.Equipment.H-301.INLET_TEMPERATURE","Temperatura de entrada — Forno de carga","Temperatura de entrada de contexto do equipamento Forno de carga. Temperatura da carga que entra no forno.","HDT","Hidrotratamento e reação","H-301","Forno de carga","plant_context","","","number","°C","30","0..500","Temperatura da carga que entra no forno.","FIC-301;FRC-302;TIC-303;TIC-304;PIC-305;LIC-306;AIC-307"
"SIG-0307","ns=2;s=Plant.Areas.HDT.Equipment.H-301.OUTLET_TEMPERATURE","Temperatura de saída — Forno de carga","Temperatura de saída de contexto do equipamento Forno de carga. Temperatura da carga que sai do forno.","HDT","Hidrotratamento e reação","H-301","Forno de carga","plant_context","","","number","°C","10","0..700","Temperatura da carga que sai do forno.","FIC-301;FRC-302;TIC-303;TIC-304;PIC-305;LIC-306;AIC-307"
"SIG-0308","ns=2;s=Plant.Areas.HDT.Equipment.H-301.FUEL_FLOW","Vazão de combustível — Forno de carga","Vazão de combustível de contexto do equipamento Forno de carga. Consumo instantâneo de combustível.","HDT","Hidrotratamento e reação","H-301","Forno de carga","plant_context","","","number","Nm³/h","10","0..50000","Consumo instantâneo de combustível.","FIC-301;FRC-302;TIC-303;TIC-304;PIC-305;LIC-306;AIC-307"
"SIG-0309","ns=2;s=Plant.Areas.HDT.Equipment.H-301.DRAFT","Pressão da fornalha — Forno de carga","Pressão da fornalha de contexto do equipamento Forno de carga. Tiragem interna da fornalha.","HDT","Hidrotratamento e reação","H-301","Forno de carga","plant_context","","","number","mmH2O","10","-20..5","Tiragem interna da fornalha.","FIC-301;FRC-302;TIC-303;TIC-304;PIC-305;LIC-306;AIC-307"
"SIG-0310","ns=2;s=Plant.Areas.HDT.Equipment.H-301.FIRING_STATUS","Estado de queima — Forno de carga","Estado de queima de contexto do equipamento Forno de carga. Estado agregado dos queimadores.","HDT","Hidrotratamento e reação","H-301","Forno de carga","plant_context","","","string","state","10","OFF|PILOT|FIRING","Estado agregado dos queimadores.","FIC-301;FRC-302;TIC-303;TIC-304;PIC-305;LIC-306;AIC-307"
"SIG-0311","ns=2;s=Plant.Areas.HDT.Equipment.E-301.INLET_TEMPERATURE","Temperatura de entrada — Trocador carga-efluente","Temperatura de entrada de contexto do equipamento Trocador carga-efluente. Temperatura da corrente antes da troca térmica.","HDT","Hidrotratamento e reação","E-301","Trocador carga-efluente","plant_context","","","number","°C","30","-20..550","Temperatura da corrente antes da troca térmica.","FIC-301;FRC-302;TIC-303;TIC-304;PIC-305;LIC-306;AIC-307"
"SIG-0312","ns=2;s=Plant.Areas.HDT.Equipment.E-301.OUTLET_TEMPERATURE","Temperatura de saída — Trocador carga-efluente","Temperatura de saída de contexto do equipamento Trocador carga-efluente. Temperatura da corrente após a troca térmica.","HDT","Hidrotratamento e reação","E-301","Trocador carga-efluente","plant_context","","","number","°C","30","-20..550","Temperatura da corrente após a troca térmica.","FIC-301;FRC-302;TIC-303;TIC-304;PIC-305;LIC-306;AIC-307"
"SIG-0313","ns=2;s=Plant.Areas.HDT.Equipment.E-301.DUTY","Carga térmica — Trocador carga-efluente","Carga térmica de contexto do equipamento Trocador carga-efluente. Energia transferida pelo equipamento.","HDT","Hidrotratamento e reação","E-301","Trocador carga-efluente","plant_context","","","number","MW","60","0..200","Energia transferida pelo equipamento.","FIC-301;FRC-302;TIC-303;TIC-304;PIC-305;LIC-306;AIC-307"
"SIG-0314","ns=2;s=Plant.Areas.HDT.Equipment.E-301.DELTA_PRESSURE","Pressão diferencial — Trocador carga-efluente","Pressão diferencial de contexto do equipamento Trocador carga-efluente. Indício hidráulico de restrição ou incrustação.","HDT","Hidrotratamento e reação","E-301","Trocador carga-efluente","plant_context","","","number","bar","60","0..10","Indício hidráulico de restrição ou incrustação.","FIC-301;FRC-302;TIC-303;TIC-304;PIC-305;LIC-306;AIC-307"
"SIG-0315","ns=2;s=Plant.Areas.HDT.Equipment.E-301.BYPASS_POSITION","Posição do bypass — Trocador carga-efluente","Posição do bypass de contexto do equipamento Trocador carga-efluente. Abertura real do caminho de desvio.","HDT","Hidrotratamento e reação","E-301","Trocador carga-efluente","plant_context","","","number","%","30","0..100","Abertura real do caminho de desvio.","FIC-301;FRC-302;TIC-303;TIC-304;PIC-305;LIC-306;AIC-307"
"SIG-0316","ns=2;s=Plant.Areas.HDT.Equipment.V-301.LEVEL","Nível — Separador de alta pressão","Nível de contexto do equipamento Separador de alta pressão. Inventário de líquido no vaso.","HDT","Hidrotratamento e reação","V-301","Separador de alta pressão","plant_context","","","number","%","30","0..100","Inventário de líquido no vaso.","FIC-301;FRC-302;TIC-303;TIC-304;PIC-305;LIC-306;AIC-307"
"SIG-0317","ns=2;s=Plant.Areas.HDT.Equipment.V-301.PRESSURE","Pressão — Separador de alta pressão","Pressão de contexto do equipamento Separador de alta pressão. Pressão interna do vaso.","HDT","Hidrotratamento e reação","V-301","Separador de alta pressão","plant_context","","","number","bar","30","0..100","Pressão interna do vaso.","FIC-301;FRC-302;TIC-303;TIC-304;PIC-305;LIC-306;AIC-307"
"SIG-0318","ns=2;s=Plant.Areas.HDT.Equipment.V-301.TEMPERATURE","Temperatura — Separador de alta pressão","Temperatura de contexto do equipamento Separador de alta pressão. Temperatura representativa do conteúdo.","HDT","Hidrotratamento e reação","V-301","Separador de alta pressão","plant_context","","","number","°C","60","-20..450","Temperatura representativa do conteúdo.","FIC-301;FRC-302;TIC-303;TIC-304;PIC-305;LIC-306;AIC-307"
"SIG-0319","ns=2;s=Plant.Areas.HDT.Equipment.V-301.INLET_FLOW","Vazão de entrada — Separador de alta pressão","Vazão de entrada de contexto do equipamento Separador de alta pressão. Carga de entrada que perturba o inventário.","HDT","Hidrotratamento e reação","V-301","Separador de alta pressão","plant_context","","","number","m³/h","30","0..500","Carga de entrada que perturba o inventário.","FIC-301;FRC-302;TIC-303;TIC-304;PIC-305;LIC-306;AIC-307"
"SIG-0320","ns=2;s=Plant.Areas.HDT.Equipment.V-301.STATUS","Estado operacional — Separador de alta pressão","Estado operacional de contexto do equipamento Separador de alta pressão. Estado factual do vaso.","HDT","Hidrotratamento e reação","V-301","Separador de alta pressão","plant_context","","","string","state","30","NORMAL|LIMITED|UNAVAILABLE","Estado factual do vaso.","FIC-301;FRC-302;TIC-303;TIC-304;PIC-305;LIC-306;AIC-307"
"SIG-0321","ns=2;s=Plant.Areas.HDT.Equipment.K-301.SUCTION_PRESSURE","Pressão de sucção — Compressor de reciclo","Pressão de sucção de contexto do equipamento Compressor de reciclo. Pressão na entrada do compressor.","HDT","Hidrotratamento e reação","K-301","Compressor de reciclo","plant_context","","","number","bar","10","0..100","Pressão na entrada do compressor.","FIC-301;FRC-302;TIC-303;TIC-304;PIC-305;LIC-306;AIC-307"
"SIG-0322","ns=2;s=Plant.Areas.HDT.Equipment.K-301.DISCHARGE_PRESSURE","Pressão de descarga — Compressor de reciclo","Pressão de descarga de contexto do equipamento Compressor de reciclo. Pressão entregue pelo compressor.","HDT","Hidrotratamento e reação","K-301","Compressor de reciclo","plant_context","","","number","bar","10","0..250","Pressão entregue pelo compressor.","FIC-301;FRC-302;TIC-303;TIC-304;PIC-305;LIC-306;AIC-307"
"SIG-0323","ns=2;s=Plant.Areas.HDT.Equipment.K-301.SPEED","Velocidade — Compressor de reciclo","Velocidade de contexto do equipamento Compressor de reciclo. Velocidade do eixo do compressor.","HDT","Hidrotratamento e reação","K-301","Compressor de reciclo","plant_context","","","number","rpm","10","0..15000","Velocidade do eixo do compressor.","FIC-301;FRC-302;TIC-303;TIC-304;PIC-305;LIC-306;AIC-307"
"SIG-0324","ns=2;s=Plant.Areas.HDT.Equipment.K-301.VIBRATION","Vibração do eixo — Compressor de reciclo","Vibração do eixo de contexto do equipamento Compressor de reciclo. Condição mecânica do conjunto rotativo.","HDT","Hidrotratamento e reação","K-301","Compressor de reciclo","plant_context","","","number","mm/s","5","0..25","Condição mecânica do conjunto rotativo.","FIC-301;FRC-302;TIC-303;TIC-304;PIC-305;LIC-306;AIC-307"
"SIG-0325","ns=2;s=Plant.Areas.HDT.Equipment.K-301.RUNNING","Estado de operação — Compressor de reciclo","Estado de operação de contexto do equipamento Compressor de reciclo. Indica se o compressor está em funcionamento.","HDT","Hidrotratamento e reação","K-301","Compressor de reciclo","plant_context","","","boolean","boolean","5","true|false","Indica se o compressor está em funcionamento.","FIC-301;FRC-302;TIC-303;TIC-304;PIC-305;LIC-306;AIC-307"
"SIG-0326","ns=2;s=Plant.Areas.H2C.Equipment.K-401.SUCTION_PRESSURE","Pressão de sucção — Compressor de hidrogênio de reposição","Pressão de sucção de contexto do equipamento Compressor de hidrogênio de reposição. Pressão na entrada do compressor.","H2C","Hidrogênio e compressão","K-401","Compressor de hidrogênio de reposição","plant_context","","","number","bar","10","0..100","Pressão na entrada do compressor.","PIC-401;PIC-402;FIC-403;SIC-404;AIC-405"
"SIG-0327","ns=2;s=Plant.Areas.H2C.Equipment.K-401.DISCHARGE_PRESSURE","Pressão de descarga — Compressor de hidrogênio de reposição","Pressão de descarga de contexto do equipamento Compressor de hidrogênio de reposição. Pressão entregue pelo compressor.","H2C","Hidrogênio e compressão","K-401","Compressor de hidrogênio de reposição","plant_context","","","number","bar","10","0..250","Pressão entregue pelo compressor.","PIC-401;PIC-402;FIC-403;SIC-404;AIC-405"
"SIG-0328","ns=2;s=Plant.Areas.H2C.Equipment.K-401.SPEED","Velocidade — Compressor de hidrogênio de reposição","Velocidade de contexto do equipamento Compressor de hidrogênio de reposição. Velocidade do eixo do compressor.","H2C","Hidrogênio e compressão","K-401","Compressor de hidrogênio de reposição","plant_context","","","number","rpm","10","0..15000","Velocidade do eixo do compressor.","PIC-401;PIC-402;FIC-403;SIC-404;AIC-405"
"SIG-0329","ns=2;s=Plant.Areas.H2C.Equipment.K-401.VIBRATION","Vibração do eixo — Compressor de hidrogênio de reposição","Vibração do eixo de contexto do equipamento Compressor de hidrogênio de reposição. Condição mecânica do conjunto rotativo.","H2C","Hidrogênio e compressão","K-401","Compressor de hidrogênio de reposição","plant_context","","","number","mm/s","5","0..25","Condição mecânica do conjunto rotativo.","PIC-401;PIC-402;FIC-403;SIC-404;AIC-405"
"SIG-0330","ns=2;s=Plant.Areas.H2C.Equipment.K-401.RUNNING","Estado de operação — Compressor de hidrogênio de reposição","Estado de operação de contexto do equipamento Compressor de hidrogênio de reposição. Indica se o compressor está em funcionamento.","H2C","Hidrogênio e compressão","K-401","Compressor de hidrogênio de reposição","plant_context","","","boolean","boolean","5","true|false","Indica se o compressor está em funcionamento.","PIC-401;PIC-402;FIC-403;SIC-404;AIC-405"
"SIG-0331","ns=2;s=Plant.Areas.H2C.Equipment.K-402.SUCTION_PRESSURE","Pressão de sucção — Compressor de reciclo de hidrogênio","Pressão de sucção de contexto do equipamento Compressor de reciclo de hidrogênio. Pressão na entrada do compressor.","H2C","Hidrogênio e compressão","K-402","Compressor de reciclo de hidrogênio","plant_context","","","number","bar","10","0..100","Pressão na entrada do compressor.","PIC-401;PIC-402;FIC-403;SIC-404;AIC-405"
"SIG-0332","ns=2;s=Plant.Areas.H2C.Equipment.K-402.DISCHARGE_PRESSURE","Pressão de descarga — Compressor de reciclo de hidrogênio","Pressão de descarga de contexto do equipamento Compressor de reciclo de hidrogênio. Pressão entregue pelo compressor.","H2C","Hidrogênio e compressão","K-402","Compressor de reciclo de hidrogênio","plant_context","","","number","bar","10","0..250","Pressão entregue pelo compressor.","PIC-401;PIC-402;FIC-403;SIC-404;AIC-405"
"SIG-0333","ns=2;s=Plant.Areas.H2C.Equipment.K-402.SPEED","Velocidade — Compressor de reciclo de hidrogênio","Velocidade de contexto do equipamento Compressor de reciclo de hidrogênio. Velocidade do eixo do compressor.","H2C","Hidrogênio e compressão","K-402","Compressor de reciclo de hidrogênio","plant_context","","","number","rpm","10","0..15000","Velocidade do eixo do compressor.","PIC-401;PIC-402;FIC-403;SIC-404;AIC-405"
"SIG-0334","ns=2;s=Plant.Areas.H2C.Equipment.K-402.VIBRATION","Vibração do eixo — Compressor de reciclo de hidrogênio","Vibração do eixo de contexto do equipamento Compressor de reciclo de hidrogênio. Condição mecânica do conjunto rotativo.","H2C","Hidrogênio e compressão","K-402","Compressor de reciclo de hidrogênio","plant_context","","","number","mm/s","5","0..25","Condição mecânica do conjunto rotativo.","PIC-401;PIC-402;FIC-403;SIC-404;AIC-405"
"SIG-0335","ns=2;s=Plant.Areas.H2C.Equipment.K-402.RUNNING","Estado de operação — Compressor de reciclo de hidrogênio","Estado de operação de contexto do equipamento Compressor de reciclo de hidrogênio. Indica se o compressor está em funcionamento.","H2C","Hidrogênio e compressão","K-402","Compressor de reciclo de hidrogênio","plant_context","","","boolean","boolean","5","true|false","Indica se o compressor está em funcionamento.","PIC-401;PIC-402;FIC-403;SIC-404;AIC-405"
"SIG-0336","ns=2;s=Plant.Areas.H2C.Equipment.HH-401.PRESSURE","Pressão — Cabeçalho de hidrogênio","Pressão de contexto do equipamento Cabeçalho de hidrogênio. Balanço entre oferta e demanda da rede.","H2C","Hidrogênio e compressão","HH-401","Cabeçalho de hidrogênio","plant_context","","","number","bar","30","0..100","Balanço entre oferta e demanda da rede.","PIC-401;PIC-402;FIC-403;SIC-404;AIC-405"
"SIG-0337","ns=2;s=Plant.Areas.H2C.Equipment.HH-401.TEMPERATURE","Temperatura — Cabeçalho de hidrogênio","Temperatura de contexto do equipamento Cabeçalho de hidrogênio. Condição térmica compartilhada pelos consumidores.","H2C","Hidrogênio e compressão","HH-401","Cabeçalho de hidrogênio","plant_context","","","number","°C","60","-20..550","Condição térmica compartilhada pelos consumidores.","PIC-401;PIC-402;FIC-403;SIC-404;AIC-405"
"SIG-0338","ns=2;s=Plant.Areas.H2C.Equipment.HH-401.FLOW","Vazão total — Cabeçalho de hidrogênio","Vazão total de contexto do equipamento Cabeçalho de hidrogênio. Carga total transportada pelo cabeçalho.","H2C","Hidrogênio e compressão","HH-401","Cabeçalho de hidrogênio","plant_context","","","number","t/h","30","0..1000","Carga total transportada pelo cabeçalho.","PIC-401;PIC-402;FIC-403;SIC-404;AIC-405"
"SIG-0339","ns=2;s=Plant.Areas.H2C.Equipment.HH-401.DEMAND","Demanda estimada — Cabeçalho de hidrogênio","Demanda estimada de contexto do equipamento Cabeçalho de hidrogênio. Demanda agregada dos consumidores conectados.","H2C","Hidrogênio e compressão","HH-401","Cabeçalho de hidrogênio","plant_context","","","number","%","60","0..100","Demanda agregada dos consumidores conectados.","PIC-401;PIC-402;FIC-403;SIC-404;AIC-405"
"SIG-0340","ns=2;s=Plant.Areas.H2C.Equipment.HH-401.STATUS","Estado operacional — Cabeçalho de hidrogênio","Estado operacional de contexto do equipamento Cabeçalho de hidrogênio. Estado factual calculado para o cabeçalho.","H2C","Hidrogênio e compressão","HH-401","Cabeçalho de hidrogênio","plant_context","","","string","state","30","NORMAL|LIMITED|UNAVAILABLE","Estado factual calculado para o cabeçalho.","PIC-401;PIC-402;FIC-403;SIC-404;AIC-405"
"SIG-0341","ns=2;s=Plant.Areas.H2C.Equipment.V-401.LEVEL","Nível — Separador da PSA","Nível de contexto do equipamento Separador da PSA. Inventário de líquido no vaso.","H2C","Hidrogênio e compressão","V-401","Separador da PSA","plant_context","","","number","%","30","0..100","Inventário de líquido no vaso.","PIC-401;PIC-402;FIC-403;SIC-404;AIC-405"
"SIG-0342","ns=2;s=Plant.Areas.H2C.Equipment.V-401.PRESSURE","Pressão — Separador da PSA","Pressão de contexto do equipamento Separador da PSA. Pressão interna do vaso.","H2C","Hidrogênio e compressão","V-401","Separador da PSA","plant_context","","","number","bar","30","0..100","Pressão interna do vaso.","PIC-401;PIC-402;FIC-403;SIC-404;AIC-405"
"SIG-0343","ns=2;s=Plant.Areas.H2C.Equipment.V-401.TEMPERATURE","Temperatura — Separador da PSA","Temperatura de contexto do equipamento Separador da PSA. Temperatura representativa do conteúdo.","H2C","Hidrogênio e compressão","V-401","Separador da PSA","plant_context","","","number","°C","60","-20..450","Temperatura representativa do conteúdo.","PIC-401;PIC-402;FIC-403;SIC-404;AIC-405"
"SIG-0344","ns=2;s=Plant.Areas.H2C.Equipment.V-401.INLET_FLOW","Vazão de entrada — Separador da PSA","Vazão de entrada de contexto do equipamento Separador da PSA. Carga de entrada que perturba o inventário.","H2C","Hidrogênio e compressão","V-401","Separador da PSA","plant_context","","","number","m³/h","30","0..500","Carga de entrada que perturba o inventário.","PIC-401;PIC-402;FIC-403;SIC-404;AIC-405"
"SIG-0345","ns=2;s=Plant.Areas.H2C.Equipment.V-401.STATUS","Estado operacional — Separador da PSA","Estado operacional de contexto do equipamento Separador da PSA. Estado factual do vaso.","H2C","Hidrogênio e compressão","V-401","Separador da PSA","plant_context","","","string","state","30","NORMAL|LIMITED|UNAVAILABLE","Estado factual do vaso.","PIC-401;PIC-402;FIC-403;SIC-404;AIC-405"
"SIG-0346","ns=2;s=Plant.Areas.H2C.Equipment.AI-401.VALUE","Valor analisado — Analisador de hidrogênio","Valor analisado de contexto do equipamento Analisador de hidrogênio. Resultado principal do analisador.","H2C","Hidrogênio e compressão","AI-401","Analisador de hidrogênio","plant_context","","","number","process_unit","300","process_specific","Qualidade, disponibilidade, deriva e validação de medições.","PIC-401;PIC-402;FIC-403;SIC-404;AIC-405"
"SIG-0347","ns=2;s=Plant.Areas.H2C.Equipment.AI-401.SAMPLE_FLOW","Vazão da amostra — Analisador de hidrogênio","Vazão da amostra de contexto do equipamento Analisador de hidrogênio. Vazão no sistema de condicionamento de amostra.","H2C","Hidrogênio e compressão","AI-401","Analisador de hidrogênio","plant_context","","","number","L/min","60","0..20","Qualidade, disponibilidade, deriva e validação de medições.","PIC-401;PIC-402;FIC-403;SIC-404;AIC-405"
"SIG-0348","ns=2;s=Plant.Areas.H2C.Equipment.AI-401.SAMPLE_TEMPERATURE","Temperatura da amostra — Analisador de hidrogênio","Temperatura da amostra de contexto do equipamento Analisador de hidrogênio. Temperatura da amostra entregue ao analisador.","H2C","Hidrogênio e compressão","AI-401","Analisador de hidrogênio","plant_context","","","number","°C","60","0..80","Qualidade, disponibilidade, deriva e validação de medições.","PIC-401;PIC-402;FIC-403;SIC-404;AIC-405"
"SIG-0349","ns=2;s=Plant.Areas.H2C.Equipment.AI-401.DATA_QUALITY","Qualidade analítica — Analisador de hidrogênio","Qualidade analítica de contexto do equipamento Analisador de hidrogênio. Indicador interno de validade da análise.","H2C","Hidrogênio e compressão","AI-401","Analisador de hidrogênio","plant_context","","","number","%","300","0..100","Qualidade, disponibilidade, deriva e validação de medições.","PIC-401;PIC-402;FIC-403;SIC-404;AIC-405"
"SIG-0350","ns=2;s=Plant.Areas.H2C.Equipment.AI-401.STATUS","Estado do analisador — Analisador de hidrogênio","Estado do analisador de contexto do equipamento Analisador de hidrogênio. Estado operacional do instrumento analítico.","H2C","Hidrogênio e compressão","AI-401","Analisador de hidrogênio","plant_context","","","string","state","60","ONLINE|CALIBRATION|FAULT","Qualidade, disponibilidade, deriva e validação de medições.","PIC-401;PIC-402;FIC-403;SIC-404;AIC-405"
"SIG-0351","ns=2;s=Plant.Areas.AMSR.Equipment.C-501.TOP_TEMPERATURE","Temperatura do topo — Absorvedor de amina","Temperatura do topo de contexto do equipamento Absorvedor de amina. Temperatura da região superior da coluna.","AMSR","Amina e recuperação de enxofre","C-501","Absorvedor de amina","plant_context","","","number","°C","30","0..400","Temperatura da região superior da coluna.","LIC-501;PIC-502;TIC-503;AIC-504"
"SIG-0352","ns=2;s=Plant.Areas.AMSR.Equipment.C-501.BOTTOM_TEMPERATURE","Temperatura do fundo — Absorvedor de amina","Temperatura do fundo de contexto do equipamento Absorvedor de amina. Temperatura da região inferior da coluna.","AMSR","Amina e recuperação de enxofre","C-501","Absorvedor de amina","plant_context","","","number","°C","30","0..500","Temperatura da região inferior da coluna.","LIC-501;PIC-502;TIC-503;AIC-504"
"SIG-0353","ns=2;s=Plant.Areas.AMSR.Equipment.C-501.PRESSURE","Pressão média — Absorvedor de amina","Pressão média de contexto do equipamento Absorvedor de amina. Pressão representativa da coluna.","AMSR","Amina e recuperação de enxofre","C-501","Absorvedor de amina","plant_context","","","number","bar","30","0..30","Pressão representativa da coluna.","LIC-501;PIC-502;TIC-503;AIC-504"
"SIG-0354","ns=2;s=Plant.Areas.AMSR.Equipment.C-501.DELTA_PRESSURE","Pressão diferencial — Absorvedor de amina","Pressão diferencial de contexto do equipamento Absorvedor de amina. Carga hidráulica e condição interna da coluna.","AMSR","Amina e recuperação de enxofre","C-501","Absorvedor de amina","plant_context","","","number","bar","30","0..10","Carga hidráulica e condição interna da coluna.","LIC-501;PIC-502;TIC-503;AIC-504"
"SIG-0355","ns=2;s=Plant.Areas.AMSR.Equipment.C-501.FEED_RATE","Carga da coluna — Absorvedor de amina","Carga da coluna de contexto do equipamento Absorvedor de amina. Vazão total alimentada à coluna.","AMSR","Amina e recuperação de enxofre","C-501","Absorvedor de amina","plant_context","","","number","m³/h","30","0..1000","Vazão total alimentada à coluna.","LIC-501;PIC-502;TIC-503;AIC-504"
"SIG-0356","ns=2;s=Plant.Areas.AMSR.Equipment.C-502.TOP_TEMPERATURE","Temperatura do topo — Regeneradora de amina","Temperatura do topo de contexto do equipamento Regeneradora de amina. Temperatura da região superior da coluna.","AMSR","Amina e recuperação de enxofre","C-502","Regeneradora de amina","plant_context","","","number","°C","30","0..400","Temperatura da região superior da coluna.","LIC-501;PIC-502;TIC-503;AIC-504"
"SIG-0357","ns=2;s=Plant.Areas.AMSR.Equipment.C-502.BOTTOM_TEMPERATURE","Temperatura do fundo — Regeneradora de amina","Temperatura do fundo de contexto do equipamento Regeneradora de amina. Temperatura da região inferior da coluna.","AMSR","Amina e recuperação de enxofre","C-502","Regeneradora de amina","plant_context","","","number","°C","30","0..500","Temperatura da região inferior da coluna.","LIC-501;PIC-502;TIC-503;AIC-504"
"SIG-0358","ns=2;s=Plant.Areas.AMSR.Equipment.C-502.PRESSURE","Pressão média — Regeneradora de amina","Pressão média de contexto do equipamento Regeneradora de amina. Pressão representativa da coluna.","AMSR","Amina e recuperação de enxofre","C-502","Regeneradora de amina","plant_context","","","number","bar","30","0..30","Pressão representativa da coluna.","LIC-501;PIC-502;TIC-503;AIC-504"
"SIG-0359","ns=2;s=Plant.Areas.AMSR.Equipment.C-502.DELTA_PRESSURE","Pressão diferencial — Regeneradora de amina","Pressão diferencial de contexto do equipamento Regeneradora de amina. Carga hidráulica e condição interna da coluna.","AMSR","Amina e recuperação de enxofre","C-502","Regeneradora de amina","plant_context","","","number","bar","30","0..10","Carga hidráulica e condição interna da coluna.","LIC-501;PIC-502;TIC-503;AIC-504"
"SIG-0360","ns=2;s=Plant.Areas.AMSR.Equipment.C-502.FEED_RATE","Carga da coluna — Regeneradora de amina","Carga da coluna de contexto do equipamento Regeneradora de amina. Vazão total alimentada à coluna.","AMSR","Amina e recuperação de enxofre","C-502","Regeneradora de amina","plant_context","","","number","m³/h","30","0..1000","Vazão total alimentada à coluna.","LIC-501;PIC-502;TIC-503;AIC-504"
"SIG-0361","ns=2;s=Plant.Areas.AMSR.Equipment.K-501.SUCTION_PRESSURE","Pressão de sucção — Soprador de gás ácido","Pressão de sucção de contexto do equipamento Soprador de gás ácido. Pressão na entrada do compressor.","AMSR","Amina e recuperação de enxofre","K-501","Soprador de gás ácido","plant_context","","","number","bar","10","0..100","Pressão na entrada do compressor.","LIC-501;PIC-502;TIC-503;AIC-504"
"SIG-0362","ns=2;s=Plant.Areas.AMSR.Equipment.K-501.DISCHARGE_PRESSURE","Pressão de descarga — Soprador de gás ácido","Pressão de descarga de contexto do equipamento Soprador de gás ácido. Pressão entregue pelo compressor.","AMSR","Amina e recuperação de enxofre","K-501","Soprador de gás ácido","plant_context","","","number","bar","10","0..250","Pressão entregue pelo compressor.","LIC-501;PIC-502;TIC-503;AIC-504"
"SIG-0363","ns=2;s=Plant.Areas.AMSR.Equipment.K-501.SPEED","Velocidade — Soprador de gás ácido","Velocidade de contexto do equipamento Soprador de gás ácido. Velocidade do eixo do compressor.","AMSR","Amina e recuperação de enxofre","K-501","Soprador de gás ácido","plant_context","","","number","rpm","10","0..15000","Velocidade do eixo do compressor.","LIC-501;PIC-502;TIC-503;AIC-504"
"SIG-0364","ns=2;s=Plant.Areas.AMSR.Equipment.K-501.VIBRATION","Vibração do eixo — Soprador de gás ácido","Vibração do eixo de contexto do equipamento Soprador de gás ácido. Condição mecânica do conjunto rotativo.","AMSR","Amina e recuperação de enxofre","K-501","Soprador de gás ácido","plant_context","","","number","mm/s","5","0..25","Condição mecânica do conjunto rotativo.","LIC-501;PIC-502;TIC-503;AIC-504"
"SIG-0365","ns=2;s=Plant.Areas.AMSR.Equipment.K-501.RUNNING","Estado de operação — Soprador de gás ácido","Estado de operação de contexto do equipamento Soprador de gás ácido. Indica se o compressor está em funcionamento.","AMSR","Amina e recuperação de enxofre","K-501","Soprador de gás ácido","plant_context","","","boolean","boolean","5","true|false","Indica se o compressor está em funcionamento.","LIC-501;PIC-502;TIC-503;AIC-504"
"SIG-0366","ns=2;s=Plant.Areas.AMSR.Equipment.R-501.INLET_TEMPERATURE","Temperatura de entrada — Reator de enxofre","Temperatura de entrada de contexto do equipamento Reator de enxofre. Temperatura da carga na entrada do reator.","AMSR","Amina e recuperação de enxofre","R-501","Reator de enxofre","plant_context","","","number","°C","30","0..600","Temperatura da carga na entrada do reator.","LIC-501;PIC-502;TIC-503;AIC-504"
"SIG-0367","ns=2;s=Plant.Areas.AMSR.Equipment.R-501.OUTLET_TEMPERATURE","Temperatura de saída — Reator de enxofre","Temperatura de saída de contexto do equipamento Reator de enxofre. Temperatura do efluente do reator.","AMSR","Amina e recuperação de enxofre","R-501","Reator de enxofre","plant_context","","","number","°C","30","0..700","Temperatura do efluente do reator.","LIC-501;PIC-502;TIC-503;AIC-504"
"SIG-0368","ns=2;s=Plant.Areas.AMSR.Equipment.R-501.PRESSURE","Pressão — Reator de enxofre","Pressão de contexto do equipamento Reator de enxofre. Pressão do sistema de reação.","AMSR","Amina e recuperação de enxofre","R-501","Reator de enxofre","plant_context","","","number","bar","30","0..250","Pressão do sistema de reação.","LIC-501;PIC-502;TIC-503;AIC-504"
"SIG-0369","ns=2;s=Plant.Areas.AMSR.Equipment.R-501.DELTA_PRESSURE","Pressão diferencial — Reator de enxofre","Pressão diferencial de contexto do equipamento Reator de enxofre. Restrição hidráulica através do leito.","AMSR","Amina e recuperação de enxofre","R-501","Reator de enxofre","plant_context","","","number","bar","60","0..20","Restrição hidráulica através do leito.","LIC-501;PIC-502;TIC-503;AIC-504"
"SIG-0370","ns=2;s=Plant.Areas.AMSR.Equipment.R-501.BED_ACTIVITY","Atividade estimada do leito — Reator de enxofre","Atividade estimada do leito de contexto do equipamento Reator de enxofre. Indicador contextual da atividade catalítica.","AMSR","Amina e recuperação de enxofre","R-501","Reator de enxofre","plant_context","","","number","%","300","0..100","Indicador contextual da atividade catalítica.","LIC-501;PIC-502;TIC-503;AIC-504"
"SIG-0371","ns=2;s=Plant.Areas.AMSR.Equipment.AI-501.VALUE","Valor analisado — Analisador de gás de cauda","Valor analisado de contexto do equipamento Analisador de gás de cauda. Resultado principal do analisador.","AMSR","Amina e recuperação de enxofre","AI-501","Analisador de gás de cauda","plant_context","","","number","process_unit","300","process_specific","Qualidade, disponibilidade, deriva e validação de medições.","LIC-501;PIC-502;TIC-503;AIC-504"
"SIG-0372","ns=2;s=Plant.Areas.AMSR.Equipment.AI-501.SAMPLE_FLOW","Vazão da amostra — Analisador de gás de cauda","Vazão da amostra de contexto do equipamento Analisador de gás de cauda. Vazão no sistema de condicionamento de amostra.","AMSR","Amina e recuperação de enxofre","AI-501","Analisador de gás de cauda","plant_context","","","number","L/min","60","0..20","Qualidade, disponibilidade, deriva e validação de medições.","LIC-501;PIC-502;TIC-503;AIC-504"
"SIG-0373","ns=2;s=Plant.Areas.AMSR.Equipment.AI-501.SAMPLE_TEMPERATURE","Temperatura da amostra — Analisador de gás de cauda","Temperatura da amostra de contexto do equipamento Analisador de gás de cauda. Temperatura da amostra entregue ao analisador.","AMSR","Amina e recuperação de enxofre","AI-501","Analisador de gás de cauda","plant_context","","","number","°C","60","0..80","Qualidade, disponibilidade, deriva e validação de medições.","LIC-501;PIC-502;TIC-503;AIC-504"
"SIG-0374","ns=2;s=Plant.Areas.AMSR.Equipment.AI-501.DATA_QUALITY","Qualidade analítica — Analisador de gás de cauda","Qualidade analítica de contexto do equipamento Analisador de gás de cauda. Indicador interno de validade da análise.","AMSR","Amina e recuperação de enxofre","AI-501","Analisador de gás de cauda","plant_context","","","number","%","300","0..100","Qualidade, disponibilidade, deriva e validação de medições.","LIC-501;PIC-502;TIC-503;AIC-504"
"SIG-0375","ns=2;s=Plant.Areas.AMSR.Equipment.AI-501.STATUS","Estado do analisador — Analisador de gás de cauda","Estado do analisador de contexto do equipamento Analisador de gás de cauda. Estado operacional do instrumento analítico.","AMSR","Amina e recuperação de enxofre","AI-501","Analisador de gás de cauda","plant_context","","","string","state","60","ONLINE|CALIBRATION|FAULT","Qualidade, disponibilidade, deriva e validação de medições.","LIC-501;PIC-502;TIC-503;AIC-504"
"SIG-0376","ns=2;s=Plant.Areas.STEAM.Equipment.SH-601.PRESSURE","Pressão — Cabeçalho de vapor de alta","Pressão de contexto do equipamento Cabeçalho de vapor de alta. Balanço entre oferta e demanda da rede.","STEAM","Vapor, combustível e energia","SH-601","Cabeçalho de vapor de alta","plant_context","","","number","bar","30","0..100","Balanço entre oferta e demanda da rede.","PIC-601;PIC-602;FIC-603;TIC-604;PIC-605"
"SIG-0377","ns=2;s=Plant.Areas.STEAM.Equipment.SH-601.TEMPERATURE","Temperatura — Cabeçalho de vapor de alta","Temperatura de contexto do equipamento Cabeçalho de vapor de alta. Condição térmica compartilhada pelos consumidores.","STEAM","Vapor, combustível e energia","SH-601","Cabeçalho de vapor de alta","plant_context","","","number","°C","60","-20..550","Condição térmica compartilhada pelos consumidores.","PIC-601;PIC-602;FIC-603;TIC-604;PIC-605"
"SIG-0378","ns=2;s=Plant.Areas.STEAM.Equipment.SH-601.FLOW","Vazão total — Cabeçalho de vapor de alta","Vazão total de contexto do equipamento Cabeçalho de vapor de alta. Carga total transportada pelo cabeçalho.","STEAM","Vapor, combustível e energia","SH-601","Cabeçalho de vapor de alta","plant_context","","","number","t/h","30","0..1000","Carga total transportada pelo cabeçalho.","PIC-601;PIC-602;FIC-603;TIC-604;PIC-605"
"SIG-0379","ns=2;s=Plant.Areas.STEAM.Equipment.SH-601.DEMAND","Demanda estimada — Cabeçalho de vapor de alta","Demanda estimada de contexto do equipamento Cabeçalho de vapor de alta. Demanda agregada dos consumidores conectados.","STEAM","Vapor, combustível e energia","SH-601","Cabeçalho de vapor de alta","plant_context","","","number","%","60","0..100","Demanda agregada dos consumidores conectados.","PIC-601;PIC-602;FIC-603;TIC-604;PIC-605"
"SIG-0380","ns=2;s=Plant.Areas.STEAM.Equipment.SH-601.STATUS","Estado operacional — Cabeçalho de vapor de alta","Estado operacional de contexto do equipamento Cabeçalho de vapor de alta. Estado factual calculado para o cabeçalho.","STEAM","Vapor, combustível e energia","SH-601","Cabeçalho de vapor de alta","plant_context","","","string","state","30","NORMAL|LIMITED|UNAVAILABLE","Estado factual calculado para o cabeçalho.","PIC-601;PIC-602;FIC-603;TIC-604;PIC-605"
"SIG-0381","ns=2;s=Plant.Areas.STEAM.Equipment.SH-602.PRESSURE","Pressão — Cabeçalho de vapor de média","Pressão de contexto do equipamento Cabeçalho de vapor de média. Balanço entre oferta e demanda da rede.","STEAM","Vapor, combustível e energia","SH-602","Cabeçalho de vapor de média","plant_context","","","number","bar","30","0..100","Balanço entre oferta e demanda da rede.","PIC-601;PIC-602;FIC-603;TIC-604;PIC-605"
"SIG-0382","ns=2;s=Plant.Areas.STEAM.Equipment.SH-602.TEMPERATURE","Temperatura — Cabeçalho de vapor de média","Temperatura de contexto do equipamento Cabeçalho de vapor de média. Condição térmica compartilhada pelos consumidores.","STEAM","Vapor, combustível e energia","SH-602","Cabeçalho de vapor de média","plant_context","","","number","°C","60","-20..550","Condição térmica compartilhada pelos consumidores.","PIC-601;PIC-602;FIC-603;TIC-604;PIC-605"
"SIG-0383","ns=2;s=Plant.Areas.STEAM.Equipment.SH-602.FLOW","Vazão total — Cabeçalho de vapor de média","Vazão total de contexto do equipamento Cabeçalho de vapor de média. Carga total transportada pelo cabeçalho.","STEAM","Vapor, combustível e energia","SH-602","Cabeçalho de vapor de média","plant_context","","","number","t/h","30","0..1000","Carga total transportada pelo cabeçalho.","PIC-601;PIC-602;FIC-603;TIC-604;PIC-605"
"SIG-0384","ns=2;s=Plant.Areas.STEAM.Equipment.SH-602.DEMAND","Demanda estimada — Cabeçalho de vapor de média","Demanda estimada de contexto do equipamento Cabeçalho de vapor de média. Demanda agregada dos consumidores conectados.","STEAM","Vapor, combustível e energia","SH-602","Cabeçalho de vapor de média","plant_context","","","number","%","60","0..100","Demanda agregada dos consumidores conectados.","PIC-601;PIC-602;FIC-603;TIC-604;PIC-605"
"SIG-0385","ns=2;s=Plant.Areas.STEAM.Equipment.SH-602.STATUS","Estado operacional — Cabeçalho de vapor de média","Estado operacional de contexto do equipamento Cabeçalho de vapor de média. Estado factual calculado para o cabeçalho.","STEAM","Vapor, combustível e energia","SH-602","Cabeçalho de vapor de média","plant_context","","","string","state","30","NORMAL|LIMITED|UNAVAILABLE","Estado factual calculado para o cabeçalho.","PIC-601;PIC-602;FIC-603;TIC-604;PIC-605"
"SIG-0386","ns=2;s=Plant.Areas.STEAM.Equipment.B-601.STEAM_FLOW","Produção de vapor — Caldeira principal","Produção de vapor de contexto do equipamento Caldeira principal. Vazão de vapor produzida pela caldeira.","STEAM","Vapor, combustível e energia","B-601","Caldeira principal","plant_context","","","number","t/h","10","0..500","Vazão de vapor produzida pela caldeira.","PIC-601;PIC-602;FIC-603;TIC-604;PIC-605"
"SIG-0387","ns=2;s=Plant.Areas.STEAM.Equipment.B-601.DRUM_LEVEL","Nível do tambor — Caldeira principal","Nível do tambor de contexto do equipamento Caldeira principal. Inventário de água no tambor.","STEAM","Vapor, combustível e energia","B-601","Caldeira principal","plant_context","","","number","%","10","0..100","Inventário de água no tambor.","PIC-601;PIC-602;FIC-603;TIC-604;PIC-605"
"SIG-0388","ns=2;s=Plant.Areas.STEAM.Equipment.B-601.STEAM_PRESSURE","Pressão do vapor — Caldeira principal","Pressão do vapor de contexto do equipamento Caldeira principal. Pressão de saída da caldeira.","STEAM","Vapor, combustível e energia","B-601","Caldeira principal","plant_context","","","number","bar","10","0..150","Pressão de saída da caldeira.","PIC-601;PIC-602;FIC-603;TIC-604;PIC-605"
"SIG-0389","ns=2;s=Plant.Areas.STEAM.Equipment.B-601.FLUE_O2","Oxigênio nos gases — Caldeira principal","Oxigênio nos gases de contexto do equipamento Caldeira principal. Indicador da relação ar-combustível.","STEAM","Vapor, combustível e energia","B-601","Caldeira principal","plant_context","","","number","%","30","0..21","Indicador da relação ar-combustível.","PIC-601;PIC-602;FIC-603;TIC-604;PIC-605"
"SIG-0390","ns=2;s=Plant.Areas.STEAM.Equipment.B-601.STATUS","Estado da caldeira — Caldeira principal","Estado da caldeira de contexto do equipamento Caldeira principal. Estado operacional da caldeira.","STEAM","Vapor, combustível e energia","B-601","Caldeira principal","plant_context","","","string","state","10","OFF|STARTUP|ONLINE|TRIP","Estado operacional da caldeira.","PIC-601;PIC-602;FIC-603;TIC-604;PIC-605"
"SIG-0391","ns=2;s=Plant.Areas.STEAM.Equipment.TG-601.SPEED","Velocidade — Turbogerador","Velocidade de contexto do equipamento Turbogerador. Velocidade do eixo do turbogerador.","STEAM","Vapor, combustível e energia","TG-601","Turbogerador","plant_context","","","number","rpm","5","0..12000","Velocidade do eixo do turbogerador.","PIC-601;PIC-602;FIC-603;TIC-604;PIC-605"
"SIG-0392","ns=2;s=Plant.Areas.STEAM.Equipment.TG-601.POWER","Potência gerada — Turbogerador","Potência gerada de contexto do equipamento Turbogerador. Potência elétrica produzida.","STEAM","Vapor, combustível e energia","TG-601","Turbogerador","plant_context","","","number","MW","10","0..200","Potência elétrica produzida.","PIC-601;PIC-602;FIC-603;TIC-604;PIC-605"
"SIG-0393","ns=2;s=Plant.Areas.STEAM.Equipment.TG-601.VIBRATION","Vibração do eixo — Turbogerador","Vibração do eixo de contexto do equipamento Turbogerador. Condição mecânica do rotor.","STEAM","Vapor, combustível e energia","TG-601","Turbogerador","plant_context","","","number","mm/s","5","0..25","Condição mecânica do rotor.","PIC-601;PIC-602;FIC-603;TIC-604;PIC-605"
"SIG-0394","ns=2;s=Plant.Areas.STEAM.Equipment.TG-601.BEARING_TEMPERATURE","Temperatura do mancal — Turbogerador","Temperatura do mancal de contexto do equipamento Turbogerador. Condição térmica dos mancais.","STEAM","Vapor, combustível e energia","TG-601","Turbogerador","plant_context","","","number","°C","10","0..150","Condição térmica dos mancais.","PIC-601;PIC-602;FIC-603;TIC-604;PIC-605"
"SIG-0395","ns=2;s=Plant.Areas.STEAM.Equipment.TG-601.STATUS","Estado do turbogerador — Turbogerador","Estado do turbogerador de contexto do equipamento Turbogerador. Estado operacional do conjunto.","STEAM","Vapor, combustível e energia","TG-601","Turbogerador","plant_context","","","string","state","10","OFF|SYNC|ONLINE|TRIP","Estado operacional do conjunto.","PIC-601;PIC-602;FIC-603;TIC-604;PIC-605"
"SIG-0396","ns=2;s=Plant.Areas.STEAM.Equipment.FGH-601.PRESSURE","Pressão — Cabeçalho de gás combustível","Pressão de contexto do equipamento Cabeçalho de gás combustível. Balanço entre oferta e demanda da rede.","STEAM","Vapor, combustível e energia","FGH-601","Cabeçalho de gás combustível","plant_context","","","number","bar","30","0..100","Balanço entre oferta e demanda da rede.","PIC-601;PIC-602;FIC-603;TIC-604;PIC-605"
"SIG-0397","ns=2;s=Plant.Areas.STEAM.Equipment.FGH-601.TEMPERATURE","Temperatura — Cabeçalho de gás combustível","Temperatura de contexto do equipamento Cabeçalho de gás combustível. Condição térmica compartilhada pelos consumidores.","STEAM","Vapor, combustível e energia","FGH-601","Cabeçalho de gás combustível","plant_context","","","number","°C","60","-20..550","Condição térmica compartilhada pelos consumidores.","PIC-601;PIC-602;FIC-603;TIC-604;PIC-605"
"SIG-0398","ns=2;s=Plant.Areas.STEAM.Equipment.FGH-601.FLOW","Vazão total — Cabeçalho de gás combustível","Vazão total de contexto do equipamento Cabeçalho de gás combustível. Carga total transportada pelo cabeçalho.","STEAM","Vapor, combustível e energia","FGH-601","Cabeçalho de gás combustível","plant_context","","","number","t/h","30","0..1000","Carga total transportada pelo cabeçalho.","PIC-601;PIC-602;FIC-603;TIC-604;PIC-605"
"SIG-0399","ns=2;s=Plant.Areas.STEAM.Equipment.FGH-601.DEMAND","Demanda estimada — Cabeçalho de gás combustível","Demanda estimada de contexto do equipamento Cabeçalho de gás combustível. Demanda agregada dos consumidores conectados.","STEAM","Vapor, combustível e energia","FGH-601","Cabeçalho de gás combustível","plant_context","","","number","%","60","0..100","Demanda agregada dos consumidores conectados.","PIC-601;PIC-602;FIC-603;TIC-604;PIC-605"
"SIG-0400","ns=2;s=Plant.Areas.STEAM.Equipment.FGH-601.STATUS","Estado operacional — Cabeçalho de gás combustível","Estado operacional de contexto do equipamento Cabeçalho de gás combustível. Estado factual calculado para o cabeçalho.","STEAM","Vapor, combustível e energia","FGH-601","Cabeçalho de gás combustível","plant_context","","","string","state","30","NORMAL|LIMITED|UNAVAILABLE","Estado factual calculado para o cabeçalho.","PIC-601;PIC-602;FIC-603;TIC-604;PIC-605"
"SIG-0401","ns=2;s=Plant.Areas.UTIL.Equipment.CWH-701.PRESSURE","Pressão — Cabeçalho de água de resfriamento","Pressão de contexto do equipamento Cabeçalho de água de resfriamento. Balanço entre oferta e demanda da rede.","UTIL","Água de resfriamento, ar e nitrogênio","CWH-701","Cabeçalho de água de resfriamento","plant_context","","","number","bar","30","0..100","Balanço entre oferta e demanda da rede.","FIC-701;TIC-702;PIC-703;PIC-704;AIC-705"
"SIG-0402","ns=2;s=Plant.Areas.UTIL.Equipment.CWH-701.TEMPERATURE","Temperatura — Cabeçalho de água de resfriamento","Temperatura de contexto do equipamento Cabeçalho de água de resfriamento. Condição térmica compartilhada pelos consumidores.","UTIL","Água de resfriamento, ar e nitrogênio","CWH-701","Cabeçalho de água de resfriamento","plant_context","","","number","°C","60","-20..550","Condição térmica compartilhada pelos consumidores.","FIC-701;TIC-702;PIC-703;PIC-704;AIC-705"
"SIG-0403","ns=2;s=Plant.Areas.UTIL.Equipment.CWH-701.FLOW","Vazão total — Cabeçalho de água de resfriamento","Vazão total de contexto do equipamento Cabeçalho de água de resfriamento. Carga total transportada pelo cabeçalho.","UTIL","Água de resfriamento, ar e nitrogênio","CWH-701","Cabeçalho de água de resfriamento","plant_context","","","number","t/h","30","0..1000","Carga total transportada pelo cabeçalho.","FIC-701;TIC-702;PIC-703;PIC-704;AIC-705"
"SIG-0404","ns=2;s=Plant.Areas.UTIL.Equipment.CWH-701.DEMAND","Demanda estimada — Cabeçalho de água de resfriamento","Demanda estimada de contexto do equipamento Cabeçalho de água de resfriamento. Demanda agregada dos consumidores conectados.","UTIL","Água de resfriamento, ar e nitrogênio","CWH-701","Cabeçalho de água de resfriamento","plant_context","","","number","%","60","0..100","Demanda agregada dos consumidores conectados.","FIC-701;TIC-702;PIC-703;PIC-704;AIC-705"
"SIG-0405","ns=2;s=Plant.Areas.UTIL.Equipment.CWH-701.STATUS","Estado operacional — Cabeçalho de água de resfriamento","Estado operacional de contexto do equipamento Cabeçalho de água de resfriamento. Estado factual calculado para o cabeçalho.","UTIL","Água de resfriamento, ar e nitrogênio","CWH-701","Cabeçalho de água de resfriamento","plant_context","","","string","state","30","NORMAL|LIMITED|UNAVAILABLE","Estado factual calculado para o cabeçalho.","FIC-701;TIC-702;PIC-703;PIC-704;AIC-705"
"SIG-0406","ns=2;s=Plant.Areas.UTIL.Equipment.CT-701.SUPPLY_TEMPERATURE","Temperatura de fornecimento — Torre de resfriamento","Temperatura de fornecimento de contexto do equipamento Torre de resfriamento. Temperatura da água enviada à planta.","UTIL","Água de resfriamento, ar e nitrogênio","CT-701","Torre de resfriamento","plant_context","","","number","°C","30","0..60","Temperatura da água enviada à planta.","FIC-701;TIC-702;PIC-703;PIC-704;AIC-705"
"SIG-0407","ns=2;s=Plant.Areas.UTIL.Equipment.CT-701.RETURN_TEMPERATURE","Temperatura de retorno — Torre de resfriamento","Temperatura de retorno de contexto do equipamento Torre de resfriamento. Temperatura da água recebida dos consumidores.","UTIL","Água de resfriamento, ar e nitrogênio","CT-701","Torre de resfriamento","plant_context","","","number","°C","30","0..80","Temperatura da água recebida dos consumidores.","FIC-701;TIC-702;PIC-703;PIC-704;AIC-705"
"SIG-0408","ns=2;s=Plant.Areas.UTIL.Equipment.CT-701.FAN_SPEED","Velocidade dos ventiladores — Torre de resfriamento","Velocidade dos ventiladores de contexto do equipamento Torre de resfriamento. Demanda agregada dos ventiladores.","UTIL","Água de resfriamento, ar e nitrogênio","CT-701","Torre de resfriamento","plant_context","","","number","%","10","0..100","Demanda agregada dos ventiladores.","FIC-701;TIC-702;PIC-703;PIC-704;AIC-705"
"SIG-0409","ns=2;s=Plant.Areas.UTIL.Equipment.CT-701.BASIN_LEVEL","Nível da bacia — Torre de resfriamento","Nível da bacia de contexto do equipamento Torre de resfriamento. Inventário de água na bacia da torre.","UTIL","Água de resfriamento, ar e nitrogênio","CT-701","Torre de resfriamento","plant_context","","","number","%","60","0..100","Inventário de água na bacia da torre.","FIC-701;TIC-702;PIC-703;PIC-704;AIC-705"
"SIG-0410","ns=2;s=Plant.Areas.UTIL.Equipment.CT-701.STATUS","Estado da torre — Torre de resfriamento","Estado da torre de contexto do equipamento Torre de resfriamento. Estado operacional da torre.","UTIL","Água de resfriamento, ar e nitrogênio","CT-701","Torre de resfriamento","plant_context","","","string","state","30","OFF|PARTIAL|ONLINE|LIMITED","Estado operacional da torre.","FIC-701;TIC-702;PIC-703;PIC-704;AIC-705"
"SIG-0411","ns=2;s=Plant.Areas.UTIL.Equipment.K-701.SUCTION_PRESSURE","Pressão de sucção — Compressor de ar","Pressão de sucção de contexto do equipamento Compressor de ar. Pressão na entrada do compressor.","UTIL","Água de resfriamento, ar e nitrogênio","K-701","Compressor de ar","plant_context","","","number","bar","10","0..100","Pressão na entrada do compressor.","FIC-701;TIC-702;PIC-703;PIC-704;AIC-705"
"SIG-0412","ns=2;s=Plant.Areas.UTIL.Equipment.K-701.DISCHARGE_PRESSURE","Pressão de descarga — Compressor de ar","Pressão de descarga de contexto do equipamento Compressor de ar. Pressão entregue pelo compressor.","UTIL","Água de resfriamento, ar e nitrogênio","K-701","Compressor de ar","plant_context","","","number","bar","10","0..250","Pressão entregue pelo compressor.","FIC-701;TIC-702;PIC-703;PIC-704;AIC-705"
"SIG-0413","ns=2;s=Plant.Areas.UTIL.Equipment.K-701.SPEED","Velocidade — Compressor de ar","Velocidade de contexto do equipamento Compressor de ar. Velocidade do eixo do compressor.","UTIL","Água de resfriamento, ar e nitrogênio","K-701","Compressor de ar","plant_context","","","number","rpm","10","0..15000","Velocidade do eixo do compressor.","FIC-701;TIC-702;PIC-703;PIC-704;AIC-705"
"SIG-0414","ns=2;s=Plant.Areas.UTIL.Equipment.K-701.VIBRATION","Vibração do eixo — Compressor de ar","Vibração do eixo de contexto do equipamento Compressor de ar. Condição mecânica do conjunto rotativo.","UTIL","Água de resfriamento, ar e nitrogênio","K-701","Compressor de ar","plant_context","","","number","mm/s","5","0..25","Condição mecânica do conjunto rotativo.","FIC-701;TIC-702;PIC-703;PIC-704;AIC-705"
"SIG-0415","ns=2;s=Plant.Areas.UTIL.Equipment.K-701.RUNNING","Estado de operação — Compressor de ar","Estado de operação de contexto do equipamento Compressor de ar. Indica se o compressor está em funcionamento.","UTIL","Água de resfriamento, ar e nitrogênio","K-701","Compressor de ar","plant_context","","","boolean","boolean","5","true|false","Indica se o compressor está em funcionamento.","FIC-701;TIC-702;PIC-703;PIC-704;AIC-705"
"SIG-0416","ns=2;s=Plant.Areas.UTIL.Equipment.IAH-701.PRESSURE","Pressão — Cabeçalho de ar de instrumentos","Pressão de contexto do equipamento Cabeçalho de ar de instrumentos. Balanço entre oferta e demanda da rede.","UTIL","Água de resfriamento, ar e nitrogênio","IAH-701","Cabeçalho de ar de instrumentos","plant_context","","","number","bar","30","0..100","Balanço entre oferta e demanda da rede.","FIC-701;TIC-702;PIC-703;PIC-704;AIC-705"
"SIG-0417","ns=2;s=Plant.Areas.UTIL.Equipment.IAH-701.TEMPERATURE","Temperatura — Cabeçalho de ar de instrumentos","Temperatura de contexto do equipamento Cabeçalho de ar de instrumentos. Condição térmica compartilhada pelos consumidores.","UTIL","Água de resfriamento, ar e nitrogênio","IAH-701","Cabeçalho de ar de instrumentos","plant_context","","","number","°C","60","-20..550","Condição térmica compartilhada pelos consumidores.","FIC-701;TIC-702;PIC-703;PIC-704;AIC-705"
"SIG-0418","ns=2;s=Plant.Areas.UTIL.Equipment.IAH-701.FLOW","Vazão total — Cabeçalho de ar de instrumentos","Vazão total de contexto do equipamento Cabeçalho de ar de instrumentos. Carga total transportada pelo cabeçalho.","UTIL","Água de resfriamento, ar e nitrogênio","IAH-701","Cabeçalho de ar de instrumentos","plant_context","","","number","t/h","30","0..1000","Carga total transportada pelo cabeçalho.","FIC-701;TIC-702;PIC-703;PIC-704;AIC-705"
"SIG-0419","ns=2;s=Plant.Areas.UTIL.Equipment.IAH-701.DEMAND","Demanda estimada — Cabeçalho de ar de instrumentos","Demanda estimada de contexto do equipamento Cabeçalho de ar de instrumentos. Demanda agregada dos consumidores conectados.","UTIL","Água de resfriamento, ar e nitrogênio","IAH-701","Cabeçalho de ar de instrumentos","plant_context","","","number","%","60","0..100","Demanda agregada dos consumidores conectados.","FIC-701;TIC-702;PIC-703;PIC-704;AIC-705"
"SIG-0420","ns=2;s=Plant.Areas.UTIL.Equipment.IAH-701.STATUS","Estado operacional — Cabeçalho de ar de instrumentos","Estado operacional de contexto do equipamento Cabeçalho de ar de instrumentos. Estado factual calculado para o cabeçalho.","UTIL","Água de resfriamento, ar e nitrogênio","IAH-701","Cabeçalho de ar de instrumentos","plant_context","","","string","state","30","NORMAL|LIMITED|UNAVAILABLE","Estado factual calculado para o cabeçalho.","FIC-701;TIC-702;PIC-703;PIC-704;AIC-705"
"SIG-0421","ns=2;s=Plant.Areas.UTIL.Equipment.N2H-701.PRESSURE","Pressão — Cabeçalho de nitrogênio","Pressão de contexto do equipamento Cabeçalho de nitrogênio. Balanço entre oferta e demanda da rede.","UTIL","Água de resfriamento, ar e nitrogênio","N2H-701","Cabeçalho de nitrogênio","plant_context","","","number","bar","30","0..100","Balanço entre oferta e demanda da rede.","FIC-701;TIC-702;PIC-703;PIC-704;AIC-705"
"SIG-0422","ns=2;s=Plant.Areas.UTIL.Equipment.N2H-701.TEMPERATURE","Temperatura — Cabeçalho de nitrogênio","Temperatura de contexto do equipamento Cabeçalho de nitrogênio. Condição térmica compartilhada pelos consumidores.","UTIL","Água de resfriamento, ar e nitrogênio","N2H-701","Cabeçalho de nitrogênio","plant_context","","","number","°C","60","-20..550","Condição térmica compartilhada pelos consumidores.","FIC-701;TIC-702;PIC-703;PIC-704;AIC-705"
"SIG-0423","ns=2;s=Plant.Areas.UTIL.Equipment.N2H-701.FLOW","Vazão total — Cabeçalho de nitrogênio","Vazão total de contexto do equipamento Cabeçalho de nitrogênio. Carga total transportada pelo cabeçalho.","UTIL","Água de resfriamento, ar e nitrogênio","N2H-701","Cabeçalho de nitrogênio","plant_context","","","number","t/h","30","0..1000","Carga total transportada pelo cabeçalho.","FIC-701;TIC-702;PIC-703;PIC-704;AIC-705"
"SIG-0424","ns=2;s=Plant.Areas.UTIL.Equipment.N2H-701.DEMAND","Demanda estimada — Cabeçalho de nitrogênio","Demanda estimada de contexto do equipamento Cabeçalho de nitrogênio. Demanda agregada dos consumidores conectados.","UTIL","Água de resfriamento, ar e nitrogênio","N2H-701","Cabeçalho de nitrogênio","plant_context","","","number","%","60","0..100","Demanda agregada dos consumidores conectados.","FIC-701;TIC-702;PIC-703;PIC-704;AIC-705"
"SIG-0425","ns=2;s=Plant.Areas.UTIL.Equipment.N2H-701.STATUS","Estado operacional — Cabeçalho de nitrogênio","Estado operacional de contexto do equipamento Cabeçalho de nitrogênio. Estado factual calculado para o cabeçalho.","UTIL","Água de resfriamento, ar e nitrogênio","N2H-701","Cabeçalho de nitrogênio","plant_context","","","string","state","30","NORMAL|LIMITED|UNAVAILABLE","Estado factual calculado para o cabeçalho.","FIC-701;TIC-702;PIC-703;PIC-704;AIC-705"
"SIG-0426","ns=2;s=Plant.Areas.TANK.Equipment.TK-801.LEVEL","Nível — Tanque de petróleo","Nível de contexto do equipamento Tanque de petróleo. Inventário armazenado no tanque.","TANK","Tanques e mistura","TK-801","Tanque de petróleo","plant_context","","","number","%","60","0..100","Inventário armazenado no tanque.","LIC-801;LIC-802;FIC-803;AIC-804"
"SIG-0427","ns=2;s=Plant.Areas.TANK.Equipment.TK-801.TEMPERATURE","Temperatura — Tanque de petróleo","Temperatura de contexto do equipamento Tanque de petróleo. Temperatura média do produto armazenado.","TANK","Tanques e mistura","TK-801","Tanque de petróleo","plant_context","","","number","°C","300","-20..120","Temperatura média do produto armazenado.","LIC-801;LIC-802;FIC-803;AIC-804"
"SIG-0428","ns=2;s=Plant.Areas.TANK.Equipment.TK-801.DENSITY","Densidade — Tanque de petróleo","Densidade de contexto do equipamento Tanque de petróleo. Propriedade física do produto armazenado.","TANK","Tanques e mistura","TK-801","Tanque de petróleo","plant_context","","","number","kg/m³","300","500..1200","Propriedade física do produto armazenado.","LIC-801;LIC-802;FIC-803;AIC-804"
"SIG-0429","ns=2;s=Plant.Areas.TANK.Equipment.TK-801.TRANSFER_FLOW","Vazão de transferência — Tanque de petróleo","Vazão de transferência de contexto do equipamento Tanque de petróleo. Movimento de entrada ou saída do tanque.","TANK","Tanques e mistura","TK-801","Tanque de petróleo","plant_context","","","number","m³/h","60","0..500","Movimento de entrada ou saída do tanque.","LIC-801;LIC-802;FIC-803;AIC-804"
"SIG-0430","ns=2;s=Plant.Areas.TANK.Equipment.TK-801.STATUS","Estado do tanque — Tanque de petróleo","Estado do tanque de contexto do equipamento Tanque de petróleo. Estado operacional do tanque.","TANK","Tanques e mistura","TK-801","Tanque de petróleo","plant_context","","","string","state","60","IDLE|RECEIVING|SENDING|BLOCKED","Estado operacional do tanque.","LIC-801;LIC-802;FIC-803;AIC-804"
"SIG-0431","ns=2;s=Plant.Areas.TANK.Equipment.TK-802.LEVEL","Nível — Tanque de produto","Nível de contexto do equipamento Tanque de produto. Inventário armazenado no tanque.","TANK","Tanques e mistura","TK-802","Tanque de produto","plant_context","","","number","%","60","0..100","Inventário armazenado no tanque.","LIC-801;LIC-802;FIC-803;AIC-804"
"SIG-0432","ns=2;s=Plant.Areas.TANK.Equipment.TK-802.TEMPERATURE","Temperatura — Tanque de produto","Temperatura de contexto do equipamento Tanque de produto. Temperatura média do produto armazenado.","TANK","Tanques e mistura","TK-802","Tanque de produto","plant_context","","","number","°C","300","-20..120","Temperatura média do produto armazenado.","LIC-801;LIC-802;FIC-803;AIC-804"
"SIG-0433","ns=2;s=Plant.Areas.TANK.Equipment.TK-802.DENSITY","Densidade — Tanque de produto","Densidade de contexto do equipamento Tanque de produto. Propriedade física do produto armazenado.","TANK","Tanques e mistura","TK-802","Tanque de produto","plant_context","","","number","kg/m³","300","500..1200","Propriedade física do produto armazenado.","LIC-801;LIC-802;FIC-803;AIC-804"
"SIG-0434","ns=2;s=Plant.Areas.TANK.Equipment.TK-802.TRANSFER_FLOW","Vazão de transferência — Tanque de produto","Vazão de transferência de contexto do equipamento Tanque de produto. Movimento de entrada ou saída do tanque.","TANK","Tanques e mistura","TK-802","Tanque de produto","plant_context","","","number","m³/h","60","0..500","Movimento de entrada ou saída do tanque.","LIC-801;LIC-802;FIC-803;AIC-804"
"SIG-0435","ns=2;s=Plant.Areas.TANK.Equipment.TK-802.STATUS","Estado do tanque — Tanque de produto","Estado do tanque de contexto do equipamento Tanque de produto. Estado operacional do tanque.","TANK","Tanques e mistura","TK-802","Tanque de produto","plant_context","","","string","state","60","IDLE|RECEIVING|SENDING|BLOCKED","Estado operacional do tanque.","LIC-801;LIC-802;FIC-803;AIC-804"
"SIG-0436","ns=2;s=Plant.Areas.TANK.Equipment.TK-803.LEVEL","Nível — Tanque de slop","Nível de contexto do equipamento Tanque de slop. Inventário armazenado no tanque.","TANK","Tanques e mistura","TK-803","Tanque de slop","plant_context","","","number","%","60","0..100","Inventário armazenado no tanque.","LIC-801;LIC-802;FIC-803;AIC-804"
"SIG-0437","ns=2;s=Plant.Areas.TANK.Equipment.TK-803.TEMPERATURE","Temperatura — Tanque de slop","Temperatura de contexto do equipamento Tanque de slop. Temperatura média do produto armazenado.","TANK","Tanques e mistura","TK-803","Tanque de slop","plant_context","","","number","°C","300","-20..120","Temperatura média do produto armazenado.","LIC-801;LIC-802;FIC-803;AIC-804"
"SIG-0438","ns=2;s=Plant.Areas.TANK.Equipment.TK-803.DENSITY","Densidade — Tanque de slop","Densidade de contexto do equipamento Tanque de slop. Propriedade física do produto armazenado.","TANK","Tanques e mistura","TK-803","Tanque de slop","plant_context","","","number","kg/m³","300","500..1200","Propriedade física do produto armazenado.","LIC-801;LIC-802;FIC-803;AIC-804"
"SIG-0439","ns=2;s=Plant.Areas.TANK.Equipment.TK-803.TRANSFER_FLOW","Vazão de transferência — Tanque de slop","Vazão de transferência de contexto do equipamento Tanque de slop. Movimento de entrada ou saída do tanque.","TANK","Tanques e mistura","TK-803","Tanque de slop","plant_context","","","number","m³/h","60","0..500","Movimento de entrada ou saída do tanque.","LIC-801;LIC-802;FIC-803;AIC-804"
"SIG-0440","ns=2;s=Plant.Areas.TANK.Equipment.TK-803.STATUS","Estado do tanque — Tanque de slop","Estado do tanque de contexto do equipamento Tanque de slop. Estado operacional do tanque.","TANK","Tanques e mistura","TK-803","Tanque de slop","plant_context","","","string","state","60","IDLE|RECEIVING|SENDING|BLOCKED","Estado operacional do tanque.","LIC-801;LIC-802;FIC-803;AIC-804"
"SIG-0441","ns=2;s=Plant.Areas.TANK.Equipment.BH-801.PRESSURE","Pressão — Cabeçalho de mistura","Pressão de contexto do equipamento Cabeçalho de mistura. Balanço entre oferta e demanda da rede.","TANK","Tanques e mistura","BH-801","Cabeçalho de mistura","plant_context","","","number","bar","30","0..100","Balanço entre oferta e demanda da rede.","LIC-801;LIC-802;FIC-803;AIC-804"
"SIG-0442","ns=2;s=Plant.Areas.TANK.Equipment.BH-801.TEMPERATURE","Temperatura — Cabeçalho de mistura","Temperatura de contexto do equipamento Cabeçalho de mistura. Condição térmica compartilhada pelos consumidores.","TANK","Tanques e mistura","BH-801","Cabeçalho de mistura","plant_context","","","number","°C","60","-20..550","Condição térmica compartilhada pelos consumidores.","LIC-801;LIC-802;FIC-803;AIC-804"
"SIG-0443","ns=2;s=Plant.Areas.TANK.Equipment.BH-801.FLOW","Vazão total — Cabeçalho de mistura","Vazão total de contexto do equipamento Cabeçalho de mistura. Carga total transportada pelo cabeçalho.","TANK","Tanques e mistura","BH-801","Cabeçalho de mistura","plant_context","","","number","t/h","30","0..1000","Carga total transportada pelo cabeçalho.","LIC-801;LIC-802;FIC-803;AIC-804"
"SIG-0444","ns=2;s=Plant.Areas.TANK.Equipment.BH-801.DEMAND","Demanda estimada — Cabeçalho de mistura","Demanda estimada de contexto do equipamento Cabeçalho de mistura. Demanda agregada dos consumidores conectados.","TANK","Tanques e mistura","BH-801","Cabeçalho de mistura","plant_context","","","number","%","60","0..100","Demanda agregada dos consumidores conectados.","LIC-801;LIC-802;FIC-803;AIC-804"
"SIG-0445","ns=2;s=Plant.Areas.TANK.Equipment.BH-801.STATUS","Estado operacional — Cabeçalho de mistura","Estado operacional de contexto do equipamento Cabeçalho de mistura. Estado factual calculado para o cabeçalho.","TANK","Tanques e mistura","BH-801","Cabeçalho de mistura","plant_context","","","string","state","30","NORMAL|LIMITED|UNAVAILABLE","Estado factual calculado para o cabeçalho.","LIC-801;LIC-802;FIC-803;AIC-804"
"SIG-0446","ns=2;s=Plant.Areas.TANK.Equipment.P-801.SUCTION_PRESSURE","Pressão de sucção — Bomba de transferência","Pressão de sucção de contexto do equipamento Bomba de transferência. Condição hidráulica na sucção da bomba.","TANK","Tanques e mistura","P-801","Bomba de transferência","plant_context","","","number","bar","30","0..30","Condição hidráulica na sucção da bomba.","LIC-801;LIC-802;FIC-803;AIC-804"
"SIG-0447","ns=2;s=Plant.Areas.TANK.Equipment.P-801.DISCHARGE_PRESSURE","Pressão de descarga — Bomba de transferência","Pressão de descarga de contexto do equipamento Bomba de transferência. Pressão entregue pela bomba.","TANK","Tanques e mistura","P-801","Bomba de transferência","plant_context","","","number","bar","30","0..80","Pressão entregue pela bomba.","LIC-801;LIC-802;FIC-803;AIC-804"
"SIG-0448","ns=2;s=Plant.Areas.TANK.Equipment.P-801.MOTOR_CURRENT","Corrente do motor — Bomba de transferência","Corrente do motor de contexto do equipamento Bomba de transferência. Carga elétrica associada ao esforço da bomba.","TANK","Tanques e mistura","P-801","Bomba de transferência","plant_context","","","number","A","10","0..500","Carga elétrica associada ao esforço da bomba.","LIC-801;LIC-802;FIC-803;AIC-804"
"SIG-0449","ns=2;s=Plant.Areas.TANK.Equipment.P-801.BEARING_VIBRATION","Vibração do mancal — Bomba de transferência","Vibração do mancal de contexto do equipamento Bomba de transferência. Condição mecânica do conjunto rotativo.","TANK","Tanques e mistura","P-801","Bomba de transferência","plant_context","","","number","mm/s","10","0..25","Condição mecânica do conjunto rotativo.","LIC-801;LIC-802;FIC-803;AIC-804"
"SIG-0450","ns=2;s=Plant.Areas.TANK.Equipment.P-801.RUNNING","Estado de operação — Bomba de transferência","Estado de operação de contexto do equipamento Bomba de transferência. Indica se o equipamento está em funcionamento.","TANK","Tanques e mistura","P-801","Bomba de transferência","plant_context","","","boolean","boolean","10","true|false","Indica se o equipamento está em funcionamento.","LIC-801;LIC-802;FIC-803;AIC-804"
"SIG-0451","ns=2;s=Plant.Areas.WWT.Equipment.TK-901.LEVEL","Nível — Tanque de equalização","Nível de contexto do equipamento Tanque de equalização. Inventário armazenado no tanque.","WWT","Tratamento de efluentes","TK-901","Tanque de equalização","plant_context","","","number","%","60","0..100","Inventário armazenado no tanque.","FIC-901;LIC-902;AIC-903;AIC-904"
"SIG-0452","ns=2;s=Plant.Areas.WWT.Equipment.TK-901.TEMPERATURE","Temperatura — Tanque de equalização","Temperatura de contexto do equipamento Tanque de equalização. Temperatura média do produto armazenado.","WWT","Tratamento de efluentes","TK-901","Tanque de equalização","plant_context","","","number","°C","300","-20..120","Temperatura média do produto armazenado.","FIC-901;LIC-902;AIC-903;AIC-904"
"SIG-0453","ns=2;s=Plant.Areas.WWT.Equipment.TK-901.DENSITY","Densidade — Tanque de equalização","Densidade de contexto do equipamento Tanque de equalização. Propriedade física do produto armazenado.","WWT","Tratamento de efluentes","TK-901","Tanque de equalização","plant_context","","","number","kg/m³","300","500..1200","Propriedade física do produto armazenado.","FIC-901;LIC-902;AIC-903;AIC-904"
"SIG-0454","ns=2;s=Plant.Areas.WWT.Equipment.TK-901.TRANSFER_FLOW","Vazão de transferência — Tanque de equalização","Vazão de transferência de contexto do equipamento Tanque de equalização. Movimento de entrada ou saída do tanque.","WWT","Tratamento de efluentes","TK-901","Tanque de equalização","plant_context","","","number","m³/h","60","0..500","Movimento de entrada ou saída do tanque.","FIC-901;LIC-902;AIC-903;AIC-904"
"SIG-0455","ns=2;s=Plant.Areas.WWT.Equipment.TK-901.STATUS","Estado do tanque — Tanque de equalização","Estado do tanque de contexto do equipamento Tanque de equalização. Estado operacional do tanque.","WWT","Tratamento de efluentes","TK-901","Tanque de equalização","plant_context","","","string","state","60","IDLE|RECEIVING|SENDING|BLOCKED","Estado operacional do tanque.","FIC-901;LIC-902;AIC-903;AIC-904"
"SIG-0456","ns=2;s=Plant.Areas.WWT.Equipment.V-901.LEVEL","Nível — Separador API","Nível de contexto do equipamento Separador API. Inventário de líquido no vaso.","WWT","Tratamento de efluentes","V-901","Separador API","plant_context","","","number","%","30","0..100","Inventário de líquido no vaso.","FIC-901;LIC-902;AIC-903;AIC-904"
"SIG-0457","ns=2;s=Plant.Areas.WWT.Equipment.V-901.PRESSURE","Pressão — Separador API","Pressão de contexto do equipamento Separador API. Pressão interna do vaso.","WWT","Tratamento de efluentes","V-901","Separador API","plant_context","","","number","bar","30","0..100","Pressão interna do vaso.","FIC-901;LIC-902;AIC-903;AIC-904"
"SIG-0458","ns=2;s=Plant.Areas.WWT.Equipment.V-901.TEMPERATURE","Temperatura — Separador API","Temperatura de contexto do equipamento Separador API. Temperatura representativa do conteúdo.","WWT","Tratamento de efluentes","V-901","Separador API","plant_context","","","number","°C","60","-20..450","Temperatura representativa do conteúdo.","FIC-901;LIC-902;AIC-903;AIC-904"
"SIG-0459","ns=2;s=Plant.Areas.WWT.Equipment.V-901.INLET_FLOW","Vazão de entrada — Separador API","Vazão de entrada de contexto do equipamento Separador API. Carga de entrada que perturba o inventário.","WWT","Tratamento de efluentes","V-901","Separador API","plant_context","","","number","m³/h","30","0..500","Carga de entrada que perturba o inventário.","FIC-901;LIC-902;AIC-903;AIC-904"
"SIG-0460","ns=2;s=Plant.Areas.WWT.Equipment.V-901.STATUS","Estado operacional — Separador API","Estado operacional de contexto do equipamento Separador API. Estado factual do vaso.","WWT","Tratamento de efluentes","V-901","Separador API","plant_context","","","string","state","30","NORMAL|LIMITED|UNAVAILABLE","Estado factual do vaso.","FIC-901;LIC-902;AIC-903;AIC-904"
"SIG-0461","ns=2;s=Plant.Areas.WWT.Equipment.BA-901.LEVEL","Nível — Bacia de aeração","Nível de contexto do equipamento Bacia de aeração. Inventário líquido da bacia.","WWT","Tratamento de efluentes","BA-901","Bacia de aeração","plant_context","","","number","%","60","0..100","Inventário líquido da bacia.","FIC-901;LIC-902;AIC-903;AIC-904"
"SIG-0462","ns=2;s=Plant.Areas.WWT.Equipment.BA-901.PH","pH — Bacia de aeração","pH de contexto do equipamento Bacia de aeração. Acidez ou alcalinidade do conteúdo.","WWT","Tratamento de efluentes","BA-901","Bacia de aeração","plant_context","","","number","pH","300","0..14","Acidez ou alcalinidade do conteúdo.","FIC-901;LIC-902;AIC-903;AIC-904"
"SIG-0463","ns=2;s=Plant.Areas.WWT.Equipment.BA-901.DISSOLVED_OXYGEN","Oxigênio dissolvido — Bacia de aeração","Oxigênio dissolvido de contexto do equipamento Bacia de aeração. Condição biológica da aeração.","WWT","Tratamento de efluentes","BA-901","Bacia de aeração","plant_context","","","number","mg/L","300","0..20","Condição biológica da aeração.","FIC-901;LIC-902;AIC-903;AIC-904"
"SIG-0464","ns=2;s=Plant.Areas.WWT.Equipment.BA-901.TEMPERATURE","Temperatura — Bacia de aeração","Temperatura de contexto do equipamento Bacia de aeração. Temperatura média do conteúdo.","WWT","Tratamento de efluentes","BA-901","Bacia de aeração","plant_context","","","number","°C","300","0..60","Temperatura média do conteúdo.","FIC-901;LIC-902;AIC-903;AIC-904"
"SIG-0465","ns=2;s=Plant.Areas.WWT.Equipment.BA-901.STATUS","Estado da bacia — Bacia de aeração","Estado da bacia de contexto do equipamento Bacia de aeração. Estado operacional da bacia.","WWT","Tratamento de efluentes","BA-901","Bacia de aeração","plant_context","","","string","state","60","NORMAL|LIMITED|BYPASS","Estado operacional da bacia.","FIC-901;LIC-902;AIC-903;AIC-904"
"SIG-0466","ns=2;s=Plant.Areas.WWT.Equipment.P-901.SUCTION_PRESSURE","Pressão de sucção — Bomba de efluente","Pressão de sucção de contexto do equipamento Bomba de efluente. Condição hidráulica na sucção da bomba.","WWT","Tratamento de efluentes","P-901","Bomba de efluente","plant_context","","","number","bar","30","0..30","Condição hidráulica na sucção da bomba.","FIC-901;LIC-902;AIC-903;AIC-904"
"SIG-0467","ns=2;s=Plant.Areas.WWT.Equipment.P-901.DISCHARGE_PRESSURE","Pressão de descarga — Bomba de efluente","Pressão de descarga de contexto do equipamento Bomba de efluente. Pressão entregue pela bomba.","WWT","Tratamento de efluentes","P-901","Bomba de efluente","plant_context","","","number","bar","30","0..80","Pressão entregue pela bomba.","FIC-901;LIC-902;AIC-903;AIC-904"
"SIG-0468","ns=2;s=Plant.Areas.WWT.Equipment.P-901.MOTOR_CURRENT","Corrente do motor — Bomba de efluente","Corrente do motor de contexto do equipamento Bomba de efluente. Carga elétrica associada ao esforço da bomba.","WWT","Tratamento de efluentes","P-901","Bomba de efluente","plant_context","","","number","A","10","0..500","Carga elétrica associada ao esforço da bomba.","FIC-901;LIC-902;AIC-903;AIC-904"
"SIG-0469","ns=2;s=Plant.Areas.WWT.Equipment.P-901.BEARING_VIBRATION","Vibração do mancal — Bomba de efluente","Vibração do mancal de contexto do equipamento Bomba de efluente. Condição mecânica do conjunto rotativo.","WWT","Tratamento de efluentes","P-901","Bomba de efluente","plant_context","","","number","mm/s","10","0..25","Condição mecânica do conjunto rotativo.","FIC-901;LIC-902;AIC-903;AIC-904"
"SIG-0470","ns=2;s=Plant.Areas.WWT.Equipment.P-901.RUNNING","Estado de operação — Bomba de efluente","Estado de operação de contexto do equipamento Bomba de efluente. Indica se o equipamento está em funcionamento.","WWT","Tratamento de efluentes","P-901","Bomba de efluente","plant_context","","","boolean","boolean","10","true|false","Indica se o equipamento está em funcionamento.","FIC-901;LIC-902;AIC-903;AIC-904"
"SIG-0471","ns=2;s=Plant.Areas.WWT.Equipment.AI-901.VALUE","Valor analisado — Analisador de efluente","Valor analisado de contexto do equipamento Analisador de efluente. Resultado principal do analisador.","WWT","Tratamento de efluentes","AI-901","Analisador de efluente","plant_context","","","number","process_unit","300","process_specific","Qualidade, disponibilidade, deriva e validação de medições.","FIC-901;LIC-902;AIC-903;AIC-904"
"SIG-0472","ns=2;s=Plant.Areas.WWT.Equipment.AI-901.SAMPLE_FLOW","Vazão da amostra — Analisador de efluente","Vazão da amostra de contexto do equipamento Analisador de efluente. Vazão no sistema de condicionamento de amostra.","WWT","Tratamento de efluentes","AI-901","Analisador de efluente","plant_context","","","number","L/min","60","0..20","Qualidade, disponibilidade, deriva e validação de medições.","FIC-901;LIC-902;AIC-903;AIC-904"
"SIG-0473","ns=2;s=Plant.Areas.WWT.Equipment.AI-901.SAMPLE_TEMPERATURE","Temperatura da amostra — Analisador de efluente","Temperatura da amostra de contexto do equipamento Analisador de efluente. Temperatura da amostra entregue ao analisador.","WWT","Tratamento de efluentes","AI-901","Analisador de efluente","plant_context","","","number","°C","60","0..80","Qualidade, disponibilidade, deriva e validação de medições.","FIC-901;LIC-902;AIC-903;AIC-904"
"SIG-0474","ns=2;s=Plant.Areas.WWT.Equipment.AI-901.DATA_QUALITY","Qualidade analítica — Analisador de efluente","Qualidade analítica de contexto do equipamento Analisador de efluente. Indicador interno de validade da análise.","WWT","Tratamento de efluentes","AI-901","Analisador de efluente","plant_context","","","number","%","300","0..100","Qualidade, disponibilidade, deriva e validação de medições.","FIC-901;LIC-902;AIC-903;AIC-904"
"SIG-0475","ns=2;s=Plant.Areas.WWT.Equipment.AI-901.STATUS","Estado do analisador — Analisador de efluente","Estado do analisador de contexto do equipamento Analisador de efluente. Estado operacional do instrumento analítico.","WWT","Tratamento de efluentes","AI-901","Analisador de efluente","plant_context","","","string","state","60","ONLINE|CALIBRATION|FAULT","Qualidade, disponibilidade, deriva e validação de medições.","FIC-901;LIC-902;AIC-903;AIC-904"
"SIG-0476","ns=2;s=Plant.Areas.FLARE.Equipment.FLH-1001.PRESSURE","Pressão — Cabeçalho de flare","Pressão de contexto do equipamento Cabeçalho de flare. Balanço entre oferta e demanda da rede.","FLARE","Flare e sistemas de proteção","FLH-1001","Cabeçalho de flare","plant_context","","","number","bar","30","0..100","Balanço entre oferta e demanda da rede.","PIC-1001;LIC-1002;FIC-1003"
"SIG-0477","ns=2;s=Plant.Areas.FLARE.Equipment.FLH-1001.TEMPERATURE","Temperatura — Cabeçalho de flare","Temperatura de contexto do equipamento Cabeçalho de flare. Condição térmica compartilhada pelos consumidores.","FLARE","Flare e sistemas de proteção","FLH-1001","Cabeçalho de flare","plant_context","","","number","°C","60","-20..550","Condição térmica compartilhada pelos consumidores.","PIC-1001;LIC-1002;FIC-1003"
"SIG-0478","ns=2;s=Plant.Areas.FLARE.Equipment.FLH-1001.FLOW","Vazão total — Cabeçalho de flare","Vazão total de contexto do equipamento Cabeçalho de flare. Carga total transportada pelo cabeçalho.","FLARE","Flare e sistemas de proteção","FLH-1001","Cabeçalho de flare","plant_context","","","number","t/h","30","0..1000","Carga total transportada pelo cabeçalho.","PIC-1001;LIC-1002;FIC-1003"
"SIG-0479","ns=2;s=Plant.Areas.FLARE.Equipment.FLH-1001.DEMAND","Demanda estimada — Cabeçalho de flare","Demanda estimada de contexto do equipamento Cabeçalho de flare. Demanda agregada dos consumidores conectados.","FLARE","Flare e sistemas de proteção","FLH-1001","Cabeçalho de flare","plant_context","","","number","%","60","0..100","Demanda agregada dos consumidores conectados.","PIC-1001;LIC-1002;FIC-1003"
"SIG-0480","ns=2;s=Plant.Areas.FLARE.Equipment.FLH-1001.STATUS","Estado operacional — Cabeçalho de flare","Estado operacional de contexto do equipamento Cabeçalho de flare. Estado factual calculado para o cabeçalho.","FLARE","Flare e sistemas de proteção","FLH-1001","Cabeçalho de flare","plant_context","","","string","state","30","NORMAL|LIMITED|UNAVAILABLE","Estado factual calculado para o cabeçalho.","PIC-1001;LIC-1002;FIC-1003"
"SIG-0481","ns=2;s=Plant.Areas.FLARE.Equipment.V-1001.LEVEL","Nível — Vaso separador de flare","Nível de contexto do equipamento Vaso separador de flare. Inventário de líquido no vaso.","FLARE","Flare e sistemas de proteção","V-1001","Vaso separador de flare","plant_context","","","number","%","30","0..100","Inventário de líquido no vaso.","PIC-1001;LIC-1002;FIC-1003"
"SIG-0482","ns=2;s=Plant.Areas.FLARE.Equipment.V-1001.PRESSURE","Pressão — Vaso separador de flare","Pressão de contexto do equipamento Vaso separador de flare. Pressão interna do vaso.","FLARE","Flare e sistemas de proteção","V-1001","Vaso separador de flare","plant_context","","","number","bar","30","0..100","Pressão interna do vaso.","PIC-1001;LIC-1002;FIC-1003"
"SIG-0483","ns=2;s=Plant.Areas.FLARE.Equipment.V-1001.TEMPERATURE","Temperatura — Vaso separador de flare","Temperatura de contexto do equipamento Vaso separador de flare. Temperatura representativa do conteúdo.","FLARE","Flare e sistemas de proteção","V-1001","Vaso separador de flare","plant_context","","","number","°C","60","-20..450","Temperatura representativa do conteúdo.","PIC-1001;LIC-1002;FIC-1003"
"SIG-0484","ns=2;s=Plant.Areas.FLARE.Equipment.V-1001.INLET_FLOW","Vazão de entrada — Vaso separador de flare","Vazão de entrada de contexto do equipamento Vaso separador de flare. Carga de entrada que perturba o inventário.","FLARE","Flare e sistemas de proteção","V-1001","Vaso separador de flare","plant_context","","","number","m³/h","30","0..500","Carga de entrada que perturba o inventário.","PIC-1001;LIC-1002;FIC-1003"
"SIG-0485","ns=2;s=Plant.Areas.FLARE.Equipment.V-1001.STATUS","Estado operacional — Vaso separador de flare","Estado operacional de contexto do equipamento Vaso separador de flare. Estado factual do vaso.","FLARE","Flare e sistemas de proteção","V-1001","Vaso separador de flare","plant_context","","","string","state","30","NORMAL|LIMITED|UNAVAILABLE","Estado factual do vaso.","PIC-1001;LIC-1002;FIC-1003"
"SIG-0486","ns=2;s=Plant.Areas.FLARE.Equipment.FS-1001.FLARE_FLOW","Vazão para queima — Chaminé do flare","Vazão para queima de contexto do equipamento Chaminé do flare. Carga instantânea enviada à chaminé.","FLARE","Flare e sistemas de proteção","FS-1001","Chaminé do flare","plant_context","","","number","Nm³/h","10","0..200000","Carga instantânea enviada à chaminé.","PIC-1001;LIC-1002;FIC-1003"
"SIG-0487","ns=2;s=Plant.Areas.FLARE.Equipment.FS-1001.TIP_TEMPERATURE","Temperatura da ponta — Chaminé do flare","Temperatura da ponta de contexto do equipamento Chaminé do flare. Condição térmica da ponta do flare.","FLARE","Flare e sistemas de proteção","FS-1001","Chaminé do flare","plant_context","","","number","°C","10","0..1200","Condição térmica da ponta do flare.","PIC-1001;LIC-1002;FIC-1003"
"SIG-0488","ns=2;s=Plant.Areas.FLARE.Equipment.FS-1001.SMOKE_INDEX","Índice de fumaça — Chaminé do flare","Índice de fumaça de contexto do equipamento Chaminé do flare. Indicador óptico de formação de fumaça.","FLARE","Flare e sistemas de proteção","FS-1001","Chaminé do flare","plant_context","","","number","index","30","0..100","Indicador óptico de formação de fumaça.","PIC-1001;LIC-1002;FIC-1003"
"SIG-0489","ns=2;s=Plant.Areas.FLARE.Equipment.FS-1001.PILOT_STATUS","Estado dos pilotos — Chaminé do flare","Estado dos pilotos de contexto do equipamento Chaminé do flare. Disponibilidade dos pilotos de ignição.","FLARE","Flare e sistemas de proteção","FS-1001","Chaminé do flare","plant_context","","","string","state","5","OFF|PARTIAL|ALL_ON","Disponibilidade dos pilotos de ignição.","PIC-1001;LIC-1002;FIC-1003"
"SIG-0490","ns=2;s=Plant.Areas.FLARE.Equipment.FS-1001.RADIATION","Radiação térmica — Chaminé do flare","Radiação térmica de contexto do equipamento Chaminé do flare. Carga térmica estimada no entorno.","FLARE","Flare e sistemas de proteção","FS-1001","Chaminé do flare","plant_context","","","number","kW/m²","30","0..50","Carga térmica estimada no entorno.","PIC-1001;LIC-1002;FIC-1003"
"SIG-0491","ns=2;s=Plant.Areas.FLARE.Equipment.AI-1001.VALUE","Valor analisado — Analisador do gás de alívio","Valor analisado de contexto do equipamento Analisador do gás de alívio. Resultado principal do analisador.","FLARE","Flare e sistemas de proteção","AI-1001","Analisador do gás de alívio","plant_context","","","number","process_unit","300","process_specific","Qualidade, disponibilidade, deriva e validação de medições.","PIC-1001;LIC-1002;FIC-1003"
"SIG-0492","ns=2;s=Plant.Areas.FLARE.Equipment.AI-1001.SAMPLE_FLOW","Vazão da amostra — Analisador do gás de alívio","Vazão da amostra de contexto do equipamento Analisador do gás de alívio. Vazão no sistema de condicionamento de amostra.","FLARE","Flare e sistemas de proteção","AI-1001","Analisador do gás de alívio","plant_context","","","number","L/min","60","0..20","Qualidade, disponibilidade, deriva e validação de medições.","PIC-1001;LIC-1002;FIC-1003"
"SIG-0493","ns=2;s=Plant.Areas.FLARE.Equipment.AI-1001.SAMPLE_TEMPERATURE","Temperatura da amostra — Analisador do gás de alívio","Temperatura da amostra de contexto do equipamento Analisador do gás de alívio. Temperatura da amostra entregue ao analisador.","FLARE","Flare e sistemas de proteção","AI-1001","Analisador do gás de alívio","plant_context","","","number","°C","60","0..80","Qualidade, disponibilidade, deriva e validação de medições.","PIC-1001;LIC-1002;FIC-1003"
"SIG-0494","ns=2;s=Plant.Areas.FLARE.Equipment.AI-1001.DATA_QUALITY","Qualidade analítica — Analisador do gás de alívio","Qualidade analítica de contexto do equipamento Analisador do gás de alívio. Indicador interno de validade da análise.","FLARE","Flare e sistemas de proteção","AI-1001","Analisador do gás de alívio","plant_context","","","number","%","300","0..100","Qualidade, disponibilidade, deriva e validação de medições.","PIC-1001;LIC-1002;FIC-1003"
"SIG-0495","ns=2;s=Plant.Areas.FLARE.Equipment.AI-1001.STATUS","Estado do analisador — Analisador do gás de alívio","Estado do analisador de contexto do equipamento Analisador do gás de alívio. Estado operacional do instrumento analítico.","FLARE","Flare e sistemas de proteção","AI-1001","Analisador do gás de alívio","plant_context","","","string","state","60","ONLINE|CALIBRATION|FAULT","Qualidade, disponibilidade, deriva e validação de medições.","PIC-1001;LIC-1002;FIC-1003"
"SIG-0496","ns=2;s=Plant.Areas.FLARE.Equipment.EG-1001.POWER","Potência — Gerador de emergência","Potência de contexto do equipamento Gerador de emergência. Potência entregue pelo gerador de emergência.","FLARE","Flare e sistemas de proteção","EG-1001","Gerador de emergência","plant_context","","","number","MW","10","0..50","Potência entregue pelo gerador de emergência.","PIC-1001;LIC-1002;FIC-1003"
"SIG-0497","ns=2;s=Plant.Areas.FLARE.Equipment.EG-1001.VOLTAGE","Tensão — Gerador de emergência","Tensão de contexto do equipamento Gerador de emergência. Tensão nos terminais do gerador.","FLARE","Flare e sistemas de proteção","EG-1001","Gerador de emergência","plant_context","","","number","kV","10","0..20","Tensão nos terminais do gerador.","PIC-1001;LIC-1002;FIC-1003"
"SIG-0498","ns=2;s=Plant.Areas.FLARE.Equipment.EG-1001.FREQUENCY","Frequência — Gerador de emergência","Frequência de contexto do equipamento Gerador de emergência. Frequência elétrica do gerador.","FLARE","Flare e sistemas de proteção","EG-1001","Gerador de emergência","plant_context","","","number","Hz","10","0..70","Frequência elétrica do gerador.","PIC-1001;LIC-1002;FIC-1003"
"SIG-0499","ns=2;s=Plant.Areas.FLARE.Equipment.EG-1001.BEARING_TEMPERATURE","Temperatura do mancal — Gerador de emergência","Temperatura do mancal de contexto do equipamento Gerador de emergência. Condição térmica do conjunto rotativo.","FLARE","Flare e sistemas de proteção","EG-1001","Gerador de emergência","plant_context","","","number","°C","30","0..150","Condição térmica do conjunto rotativo.","PIC-1001;LIC-1002;FIC-1003"
"SIG-0500","ns=2;s=Plant.Areas.FLARE.Equipment.EG-1001.STATUS","Estado do gerador — Gerador de emergência","Estado do gerador de contexto do equipamento Gerador de emergência. Estado operacional do gerador.","FLARE","Flare e sistemas de proteção","EG-1001","Gerador de emergência","plant_context","","","string","state","10","READY|STARTING|ONLINE|FAULT","Estado operacional do gerador.","PIC-1001;LIC-1002;FIC-1003"
